cellname,NeoAA,HLA,AseqCDR,BseqCDR
V350085868_L01_502,VLLSHLSYL,HLA-A*02:01,TSESDYY_QEAYKQQN_CAYRAYMEYGNKLVF,SGHTA_FQGNSA_CASSLGVYEQYF
V350085868_L01_505,VLLSHLSYL,HLA-A*02:01,NIATNDY_GYKTK_CLVGTNSNSGYALNF,LGHNT_FRNRAP_CASGSPDRFEQYF
V350085868_L01_506,VLLSHLSYL,HLA-A*02:01,ATGYPS_ATKADDK_CALTVSYGGSQGNLIF,KGHSH_LQKENI_CASSPFSIGQGLTNNEKLFF
V350085868_L01_507,SLMEQIPHL,HLA-A*02:01,TSGFNG_NVLDGL_CAVKMNTGFQKLVF,DFQATT_SNEGSKA_CSAKLRGSNQPQHF
V350085868_L01_509,VLLSHLSYL,HLA-A*02:01,MNHNS_SASEGT_CASTLRAGWDEQFF,MNHEY_SMNVEV_CASSLSPGGRSEAFF
V350085868_L01_512,LVTDDLLTL,HLA-A*02:01,VSPFSN_MTFSENT_CVVIPERGNMLTF,GTSNPN_SVGIG_CAWSVLAHRDTQYF
V350085868_L01_513,SLMEQIPHL,HLA-A*02:01,TTSDR_LLSNGAV_CAREGNSGGSNYKLTF,SGHAT_FQNNGV_CASTVHRVLGTEAFF
V350085868_L01_516,VLLSHLSYL,HLA-A*02:01,DSASNY_IRSNVGE_CAASIKAL_NTGKLIF,GTSNPN_SVGIG_CAWTKAGGGETQYF
V350085868_L01_517,SLMEQIPHL,HLA-A*02:01,VSGLRG_LYSAGEE_CAVQVQGAQKLVF,SNHLY_FYNNEI_CASSTVQGWDQPQHF
V350085868_L01_518,VLLSHLSYL,HLA-A*02:01,YGATPY_YFSGDTLV_CAVGYGGSYIPTF,SGHRS_YFSETQ_CASRETGGSYNEQFF
V350085868_L01_520,SLMEQIPHL,HLA-A*02:01,TSINN_IRSNERE_CATRTPVPFNDYKLSF,DFQATT_SNEGSKA_CSASRDLSTDTQYF
V350085868_L01_521,VLLSHLSYL,HLA-A*02:01,TSINN_IRSNERE_CATAHQAGTALIF,SGHDY_FNNNVP_CASTGPGLLNYGYTF
V350085868_L01_523,VLLSHLSYL,HLA-A*02:01,DSSSTY_IFSNMDM_CAENLEAGANNLFF,SGHAT_FQNNGV_CASSQSRVLNTEAFF
V350085868_L01_524,VLLSHLSYL,HLA-A*02:01,DSAIYN_IQSSQRE_CAVINTGGFKTIF,GTSNPN_SVGIG_CAWNSGVGAETQYF
V350085868_L01_525,LVTDDLLTL,HLA-A*02:01,DSAIYN_IQSSQRE_CAVINTGGFKTIF,PRHDT_FYEKMQ_CASSRTSTPSSGNTIYF
V350085868_L01_526,VLLSHLSYL,HLA-A*02:01,TSINN_IRSNERE_CAYLQGAQKLVF,MNHEY_SVGAGI_CASSYAAPTGNTEAFF
V350085868_L01_528,VLLSHLSYL,HLA-A*02:01,TSGFNG_NVLDGL_CAVRDGNNARLMF,LGHNT_FRNRAP_CASGLGA_GAQPQHF
V350085868_L01_529,VLLSHLSYL,HLA-A*02:01,TSDPSYG_QGSYDQQN_CAMRDNGKLTF,SGDLS_YYNGEE_CASSIRLAGGPNTGELFF
V350085868_L01_530,VLLSHLSYL,HLA-A*02:01,DRGSQS_IYSNGD_CAFLGGGGKLIF,SGHDY_FNNNVP_CAIRGEQHYGYTF
V350085868_L01_534,VLLSHLSYL,HLA-A*02:01,VSPFSN_MTFSENT_CVVRPSMDTGRRALTF,SGHNS_FNNNVP_CASSLAGTLRNTIYF
V350085868_L01_537,VLLSHLSYL,HLA-A*02:01,TSESDYY_QEAYKQQN_CAYRSPNFGNEKLTF,LGHNT_FRNRAP_CASGLVPTGDRGYTF
V350085868_L01_541,VLLSHLSYL,HLA-A*02:01,NSMFDY_ISSIKDK_CAASANSGYALNF,MGHRA_YSYEKL_CASSQDLRGVNTEAFF
V350085868_L01_542,VLLSHLSYL,HLA-A*02:01,NSMFDY_ISSIKDK_CAASANSGYALNF,MGHRA_YSYEKL_CASSQDLRGVNTEAFF
V350085868_L01_543,VLLSHLSYL,HLA-A*02:01,TSGFNG_NVLDGL_CAVRDKTGNKLTF,SGDLS_YYNGEE_CASSQNNEQFF
V350085868_L01_545,VLLSHLSYL,HLA-A*02:01,NIATNDY_GYKTK_CLVGDMNTGFQKLVF,SGHDN_FVKESK_CASSQVEGTNYGYTF
V350085868_L01_547,LVTDDLLTL,HLA-A*02:01,SSNFYA_MTLNGDE_CASGDDYKLSF,SGDLS_YYNGEE_CASCPGAGANVLTF
V350085868_L01_548,VLLSHLSYL,HLA-A*02:01,DSVNN_IPSGT_CAVEFRNDYKLSF,SGHDY_FNNNVP_CASSRFLADEQFF
V350085868_L01_550,VLLSHLSYL,HLA-A*02:01,TTLSN_LVKSGEV_CAGPSGFGNEKLTF,LNHDA_SQIVND_CASSFLRPTGAIAFF
V350085868_L01_553,VLLSHLSYL,HLA-A*02:01,NIATNDY_GYKTK_CLVGPPRPYSGAGSYQLTF,LNHDA_SQIVND_CASSTLLAGGPGAGELFF
V350085868_L01_557,VLLSHLSYL,HLA-A*02:01,NSAFQY_TYSSGN_CAMSQGGKLIF,SGHRS_YFSETQ_CASSGQETQYF
V350085868_L01_560,VLLSHLSYL,HLA-A*02:01,NSAFQY_TYSSGN_CAMSLLDQTGANNLFF,MDHEN_SYDVKM_CASSRDTLGNTIYF
V350085868_L01_561,VLLSHLSYL,HLA-A*02:01,YGGTVN_YFSGDPLV_CAVNARVLTGGGNKLTF,LNHDA_SQIVND_CASSLRRELGDTQYF
V350085868_L01_562,VLLSHLSYL,HLA-A*02:01,TSESDYY_QEAYKQQN_CAYGRTYKYIF,SGHDT_YYEEEE_CASSLYTTEQYF
V350085868_L02_501,LVTDDLLTL,HLA-A*02:01,YGATPY_YFSGDTLV_CAVGAE_FQKLVF,PRHDT_FYEKMQ_CASSLGTSEAFF
V350085868_L02_504,VLLSHLSYL,HLA-A*02:01,SSVPPY_YTSAATLV_CAVSDRNYGQNFVF,GTSNPN_SVGIG_CAWSAGAGGSNQPQHF
V350085868_L02_505,VLLSHLSYL,HLA-A*02:01,DSASNY_IRSNVGE_CAPAGT_FNKFYF,GTSNPN_SVGIG_CAWSSLRDVLISYEQYF
V350085868_L02_507,SLMEQIPHL,HLA-A*02:01,TSINN_IRSNERE_CARSPGWGAGSYQLTF,SEHNR_FQNEAQ_CASSLESLSRSYEQYF
V350085868_L02_509,VLLSHLSYL,HLA-A*02:01,NSASDY_IRSNMDK_CAARGGGNKLTF,SGHDT_YYEEEE_CASSPGDTDYEQYF
V350085868_L02_510,VLLSHLSYL,HLA-A*02:01,YSGSPE_HISR_CALSGLTGGGNKLTF,WSHSY_SAAADI_CASSEEWAGGDEQFF
V350085868_L02_511,VLLSHLSYL,HLA-A*02:01,TSDQSYG_QGSYDEQN_CAMREGILTGGGNKLTF,DFQATT_SNEGSKA_CSARVGTSVYEQYF
V350085868_L02_520,VLLSHLSYL,HLA-A*02:01,NTAFDY_IRPDVSE_CAAKDSGGSQGNLIF,SQVTM_ANQGSEA_CSVPGLRNGYTF
V350085868_L02_521,LVTDDLLTL,HLA-A*02:01,SVFSS_VVTGGEV_CAGDQAGTALIF,SEHNR_FQNEAQ_CASSPAGTQGRNYGYTF
V350085868_L02_524,VLLSHLSYL,HLA-A*02:01,ATGYPS_ATKADDK_CALSDLASKIIF,MDHEN_SYDVKM_CASRKQGRSWNSPLHF
V350085868_L02_525,VLLSHLSYL,HLA-A*02:01,NIATNDY_GYKTK_CLVGGFM_NNRLAF,MDHEN_SYDVKM_CASRKQGRSWNSPLHF
V350085868_L02_530,VLLSHLSYL,HLA-A*02:01,YGGTVN_YFSGDPLV_CAVNARGSGNTGKLIF,SGHRS_YFSETQ_CASSITGTRGSPLHF
V350085868_L02_534,VVGAVGVGK,HLA-A*11:01,YSGSPE_HISR_CALSGLTGGGNKLTF,SGHDT_YYEEEE_CASSGGGAYGYTF
V350085868_L02_536,VVGAVGVGK,HLA-A*11:01,LNHDA_SQIVND_CASSVTGREGRPRELFF,SGHAT_FQNNGV_CASSLGDTYEQYF
V350085868_L02_537,ATAPSLSGK,HLA-A*11:01,DSAIYN_IQSSQRE_CAVRGAGSARQLTF,LNHDA_SQIVND_CASSVTGREGRPRELFF
V350085868_L02_539,ATAPSLSGK,HLA-A*11:01,TSINN_IRSNERE_CATKSSGDKLTF,SQVTM_ANQGSEA_CSEISGGAYNEQFF
V350085868_L02_541,ATAPSLSGK,HLA-A*11:01,TISGNEY_GLKNN_CIVRPMNSGNTPLVF,SEHNR_FQNEAQ_CASSLGVGFRAYEQYF
V350085868_L02_542,SSCMGGMNQR,HLA-A*11:01,TSINN_IRSNERE_CATDAQTGANNLFF,SGHAT_FQNNGV_CASSLGDTYEQYF
V350085868_L02_543,VVGAVGVGK,HLA-A*11:01,TSINN_IRSNERE_CATDAQTGANNLFF,SGHAT_FQNNGV_CASSLGDTYEQYF
V350085868_L02_544,VVGAVGVGK,HLA-A*11:01,TSINN_IRSNERE_CATDAQTGANNLFF,SGHAT_FQNNGV_CASSLGDTYEQYF
V350085868_L02_545,SSCMGGMNQR,HLA-A*11:01,NSMFDY_ISSIKDK_CAATHAGKSTF,SGHAT_FQNNGV_CASSLGASSYNEQFF
V350085868_L02_548,VVGAVGVGK,HLA-A*11:01,TSINN_IRSNERE_CATDAQTGANNLFF,SGHAT_FQNNGV_CASSLGDTYEQYF
V350085868_L02_552,ATAPSLSGK,HLA-A*11:01,DSASNY_IRSNVGE_CAATSNAGNNRKLIW,MGHRA_YSYEKL_CASSQVRSGNEQYF
V350085868_L02_553,ATAPSLSGK,HLA-A*11:01,VSGNPY_YITGDNLV_CAVRDRNNNARLMF,SGHNS_FNNNVP_CASSLALRPLGGYTF
V350085868_L02_555,VVGAVGVGK,HLA-A*11:01,TSINN_IRSNERE_CATDAQTGANNLFF,SGHAT_FQNNGV_CASSLGDTYEQYF
V350085868_L02_560,VVGAVGVGK,HLA-A*11:01,TSINN_IRSNERE_CATDAQSGGGADGLTF,SGHAT_FQNNGV_CASSLSDTDTQYF
V350085868_L02_566,SSCMGGMNQR,HLA-A*11:01,TSGFNG_NVLDGL_CAVFNQAGTALIF,MNHNS_SASEGT_CASSGDRGLTEAFF
V350085868_L02_567,SSCMGGMNQR,HLA-A*11:01,TISGNEY_GLKNN_CIVRVHGTNTNAGKSTF,GTSNPN_SVGIG_CAWRWISTNEKLFF
V350085868_L02_568,SSCMGGMNQR,HLA-A*11:01,TSDPSYG_QGSYDQQN_CAMRDRGNTPLVF,LGHNA_YSLEER_CASSQDRSGITYEQYF
V350085868_L02_570,SSCMGGMNQR,HLA-A*11:01,DSAIYN_IQSSQRE_CAVITSGTYKYIF,SEHNR_FQNEAQ_CASSSSAGGYTGELFF
V350085868_L02_572,SSCMGGMNQR,HLA-A*11:01,DSAIYN_IQSSQRE_CAVRPADRGSTLGRLYF,SQVTM_ANQGSEA_CSERGLMNTEAFF
V350085868_L02_575,SSCMGGMNQR,HLA-A*11:01,TSGFYG_NALDGL_CAVRDRGNTPLVF,MNHEY_SVGEGT_CASRSLTSGGLAKNIQYF
V350085868_L02_576,SSCMGGMNQR,HLA-A*11:01,DSSSTY_IFSNMDM_CAESRNTDKLIF,SGHDY_FNNNVP_CASSSSGGAIGGELFF
V350085868_L02_577,SSCMGGMNQR,HLA-A*11:01,TSGFNG_NVLDGL_CAINDYKLSF,SEHNR_FQNEAQ_CASSPRQGGSYNEQFF
V350085868_L02_578,SSCMGGMNQR,HLA-A*11:01,TSINN_IRSNERE_CATDRTDKLIF,SQVTM_ANQGSEA_CSVVTGEILGYTF
V350085868_L02_579,SSCMGGMNQR,HLA-A*11:01,DSASNY_IRSNVGE_CAASTEE_QGNLIF,SQVTM_ANQGSEA_CSVDAEMNTEAFF
V350085868_L02_580,SSCMGGMNQR,HLA-A*11:01,VSGNPY_YITGDNLV_CAVRDGGGNKLTF,MNHNS_SASEGT_CASSGDHNTEAFF
V350085868_L02_582,SSCMGGMNQR,HLA-A*11:01,VSGLRG_LYSAGEE_CAVQANTDKLIF,LNHNV_YYDKDF_CATSRRRGTEAFF
V350085868_L02_583,SSCMGGMNQR,HLA-A*11:01,VSGNPY_YITGDNLV_CAVRDYGSGTYKYIF,MNHEY_SVGAGI_CASSYGGDGRYEQYF
V350085868_L02_584,SSCMGGMNQR,HLA-A*11:01,DRGSQS_IYSNGD_CAVNRGYQKVTF,MGHRA_YSYEKL_CASSEGGSSYEQYF
V350085868_L02_586,SSCMGGMNQR,HLA-A*11:01,DSAIYN_IQSSQRE_CAVLDNNDMRF,SGHDY_FNNNVP_CASTTGNTEAFF
V350085868_L02_587,SSCMGGMNQR,HLA-A*11:01,NIATNDY_GYKTK_CLVAGSGTYKYIF,SGHRS_YFSETQ_CASSDDGGSTDTQYF
V350085868_L02_591,SSCMGGMNQR,HLA-A*11:01,SGHNT_YYREEE_CATTPAPGTVYNEQFF,SEHNR_FQNEAQ_CASSSDNEQFF
V350085868_L02_592,SSCMGGMNQR,HLA-A*11:01,TSINN_IRSNERE_CARAP_NQFYF,SGHNT_YYREEE_CATTPAPGTVYNEQFF
V350085868_L02_595,SSCMGGMNQR,HLA-A*11:01,VTNFRS_LTSSGIE_CAAGDDKIIF,GTSNPN_SVGIG_CAWTRAYNSPLHF
V350085868_L02_596,SSCMGGMNQR,HLA-A*11:01,DRGSQS_IYSNGD_CAVNRGNQGGKLIF,SGDLS_YYNGEE_CASSVGTPSEQYF
V350085868_L03_502,VVGAVGVGK,HLA-A*11:01,DRGSQS_IYSNGD_CAVGGRGGADGLTF,LGHNA_YNFKEQ_CATRNMNTEAFF
V350085868_L03_504,VVGAVGVGK,HLA-A*11:01,SVFSS_VVTGGEV_CAGFPTGTASKLTF,SGHDY_FNNNVP_CASGDFYEQYF
V350085868_L03_505,VVGAGDVGK,HLA-A*11:01,TSINN_IRSNERE_CATDPRGTGNQFYF,SGHAT_FQNNGV_CASSLEQSYEQYF
V350085868_L03_509,VVGAVGVGK,HLA-A*11:01,NSMFDY_ISSIKDK_CAASDNARLMF,SQVTM_ANQGSEA_CSVPRGSEAFF
V350085868_L03_511,VVGAGDVGK,HLA-A*11:01,TSINN_IRSNERE_CATDPRGTGNQFYF,SGHAT_FQNNGV_CASSGEGGMETQYF
V350085868_L03_518,ATAPSLSGK,HLA-A*11:01,TRDTTYY_RNSFDEQN_CALNNDYKLSF,MGHRA_YSYEKL_CASSQQGGTYEQYF
V350085868_L03_519,VVGAVGVGK,HLA-A*11:01,DSSSTY_IFSNMDM_CAESIETGTASKLTF,MGHRA_YSYEKL_CASSQQGGTYEQYF
V350085868_L03_520,ATAPSLSGK,HLA-A*11:01,TSGFNG_NVLDGL_CAVRESGGGYQKVTF,SGHAT_FQNNGV_CASSGEGGMETQYF
V350085868_L03_521,ATAPSLSGK,HLA-A*11:01,VSPFSN_MTFSENT_CVVIAGNNRKLIW,MNHEY_SMNVEV_CASSPISGLPYEQYF
V350085868_L03_524,ATAPSLSGK,HLA-A*11:01,DSSSTY_IFSNMDM_CAERRAFGDYKLSF,MDHEN_SYDVKM_CASSLGGNTEAFF
V350085868_L03_528,VVGAVGVGK,HLA-A*11:01,DRGSQS_IYSNGD_CAVNDFGNEKLTF,SGHAT_FQNNGV_CASSLQGLENNEQFF
V350085868_L03_530,VVGAVGVGK,HLA-A*11:01,NSASDY_IRSNMDK_CAENLTLL*_TGFQKLVF,SGHNS_FNNNVP_CASSLSEGSRGYTF
V350085868_L03_532,ATAPSLSGK,HLA-A*11:01,VSGNPY_YITGDNLV_CAVWLGNNRKLIW,MNHEY_SVGAGI_CASSITGGYNEQFF
V350085868_L03_534,ATAPSLSGK,HLA-A*11:01,VSGNPY_YITGDNLV_CAVRVLTGTYKYIF,SEHNR_FQNEAQ_CASSFSYGGATDTQYF
V350085868_L03_537,VVGAVGVGK,HLA-A*11:01,VSGNPY_YITGDNLV_CAVRDIRGNQGGKLIF,WSHSY_SAAADI_CASNYGDQETQYF
V350085868_L03_538,ATAPSLSGK,HLA-A*11:01,DSAIYN_IQSSQRE_CAVSTGGFKTIF,MNHEY_SMNVEV_CASSPGRGTGNEQFF
V350085868_L03_539,ATAPSLSGK,HLA-A*11:01,NIATNDY_GYKTK_CLVGDES_AGNKLTF,SGHDT_YYEEEE_CASSLYRGPPQHF
V350085868_L03_541,ATAPSLSGK,HLA-A*11:01,TSESDYY_QEAYKQQN_CAYFEAGNMLTF,SGHNT_YYREEE_CASSLAIRSYEQFF
V350085868_L03_542,VVGAVGVGK,HLA-A*11:01,TSINN_IRSNERE_CATDPRGTGNQFYF,SGHAT_FQNNGV_CASSLEQSYEQYF
V350085868_L03_544,ATAPSLSGK,HLA-A*11:01,SSVSVY_YLSGSTLV_CAVSGGFKTIF,MNHNS_SASEGT_CASSELGDSNTGELFF
V350085868_L03_545,ATAPSLSGK,HLA-A*11:01,TISGNEY_GLKNN_CIVRVANFGNEKLTF,KGHSH_LQKENI_CASSPLFGSDQETQYF
V350085868_L03_558,ATAPSLSGK,HLA-A*11:01,TSDPSYG_QGSYDQQN_CAMRPLFGNEKLTF,SGHNT_YENEEA_CASSLPGTAYNEQFF
V350085868_L03_561,ATAPSLSGK,HLA-A*11:01,TSINN_IRSNERE_CATDAGGGADGLTF,SGDLS_YYNGEE_CASSTRGRDSSEKLFF
V350085868_L03_563,ATAPSLSGK,HLA-A*11:01,DRGSQS_IYSNGD_CAVSRLMF,KGHDR_SFDVKD_CATSDQGEANTGELFF
V350085868_L03_565,VVGAVGVGK,HLA-A*11:01,YGATPY_YFSGDTLV_CAVGASDSWGKFEF,SGHNS_FNNNVP_CASSPETGIQHF
V350085868_L03_567,VVGAVGVGK,HLA-A*11:01,DSSSTY_IFSNMDM_CAESIGARLMF,SGHAT_FQNNGV_CASSSWGRGGPGELFF
V350085868_L03_568,VVGAVGVGK,HLA-A*11:01,TSINN_IRSNERE_CATDAGDDKIIF,LGHDT_YNNKEL_CASRLAGGPSDTQYF
V350085868_L03_569,ATAPSLSGK,HLA-A*11:01,SSYSPS_YTSAATLV_CVVIFNDMRF,MNHEY_SMNVEV_CASSLSGNRGYTDTQYF
V350085868_L03_570,VVGAVGVGK,HLA-A*11:01,TSINN_IRSNERE_CATDAQTGANNLFF,SGHAT_FQNNGV_CASSLGDTYEQYF
V350085868_L03_572,VVGAVGVGK,HLA-A*11:01,DRGSQS_IYSNGD_CAVTNDYKLSF,MNHNY_SVGAGI_CASSYSPGRDTQYF
V350085868_L03_574,VVGAVGVGK,HLA-A*11:01,DSAIYN_IQSSQRE_CAAATFSGGYQKVTF,SGHTA_FQGNSA_CASSLGLAGGIPYQETQYF
V350085868_L03_575,VVGAVGVGK,HLA-A*11:01,DSSSTY_IFSNMDM_CAESIGARLMF,SGHAT_FQNNGV_CASSSWGRGGPGELFF
V350085868_L03_582,VVGAVGVGK,HLA-A*11:01,TSGFNG_NVLDGL_CACMDSNYQLIW,MRHNA_SNTAGT_CASSEGLAGGPDDTQYF
V350085868_L03_583,VVGAVGVGK,HLA-A*11:01,TSINN_IRSNERE_CATDAQTGANNLFF,SGHAT_FQNNGV_CASSLGDTYEQYF
V350085868_L03_586,ATAPSLSGK,HLA-A*11:01,TSINN_IRSNERE_CATDAQSGGGADGLTF,WNHNN_SYGVQD_CASSDGTGS_VSYNEQFF
V350085868_L03_587,VVGAVGVGK,HLA-A*11:01,TSINN_IRSNERE_CATDAQTGANNLFF,SGDLS_YYNGEE_CASSETGVGTEAFF
V350085868_L03_588,VVGAGDVGK,HLA-A*11:01,TSINN_IRSNERE_CATDAQTGANNLFF,SGDLS_YYNGEE_CASSETGVGTEAFF
V350085868_L03_591,ATAPSLSGK,HLA-A*11:01,TSGFNG_NVLDGL_CAVVDSNYQLIW,SGHDY_FNNNVP_CASSTRQGDYYEQFF
V350085868_L03_592,ATAPSLSGK,HLA-A*11:01,SSVPPY_YTTGATLV_CAGSSASKIIF,SGHDY_FNNNVP_CASSTRQGDYYEQFF
V350085868_L03_593,VVGAVGVGK,HLA-A*11:01,TSINN_IRSNERE_CATDAQTGANNLFF,SGHNT_YENEEA_CASSLPGTAYNEQFF
V350085868_L03_595,VVGAGDVGK,HLA-A*11:01,SSVSVY_YLSGSTLV_CAVSDTGGKLIF,SEHNR_FQNEAQ_CASSLVGGRNIGELFF
V350085868_L03_596,ATAPSLSGK,HLA-A*11:01,DSAIYN_IQSSQRE_CAVDGTSGSRLTF,KGHSH_LQKENI_CASSQGGYNEQFF
V350085868_L04_503,VVGAVGVGK,HLA-A*11:01,TSINN_IRSNERE_CATDAQTGANNLFF,SGHAT_FQNNGV_CASSLGDTYEQYF
V350085868_L04_504,VVGAVGVGK,HLA-A*11:01,TRDTTYY_RNSFDEQN_CALSEAKGDDKIIF,MNHEY_SVGEGT_CASSYYSPQFSEQYF
V350085868_L04_505,VVGAGDVGK,HLA-A*11:01,TSINN_IRSNERE_CATDAQTGANNLFF,SGHAT_FQNNGV_CASSLGDTYEQYF
V350085868_L04_509,VVGAVGVGK,HLA-A*11:01,TSINN_IRSNERE_CATDAQTGANNLFF,DFQATT_SNEGSKA_CSAKRTRGGNTIYF
V350085868_L04_510,VVGAVGVGK,HLA-A*11:01,MNHNS_SASEGT_CASSEAEFEQFF,DFQATT_SNEGSKA_CSARRTGGGNTIYF
V350085868_L04_512,VVGAVGVGK,HLA-A*11:01,TSINN_IRSNERE_CATDAQTGANNLFF,SGHAT_FQNNGV_CASSLGDTYEQYF
V350085868_L04_515,VVGAVGVGK,HLA-A*11:01,SSVSVY_YLSGSTLV_CAVSEWME_SQGNLIF,FGHNF_FRS*SI_CASRPRD*_ENTGELFF
V350085868_L04_519,VVGAVGVGK,HLA-A*11:01,TSINN_IRSNERE_CATDAQTGANNLFF,SGHAT_FQNNGV_CASSLGDTYEQYF
V350085868_L04_520,VVGAGDVGK,HLA-A*11:01,KALYS_LLKGGEQ_CGTEYIRSE_ALGMCCIA,SGHRS_YFSETQ_CASSFTGQAEAFF
V350085868_L04_521,ATAPSLSGK,HLA-A*11:01,TSGFNG_NVLDGL_CAVPLSGGYNKLIF,MNHEY_SVGEGT_CASSGGNEQFF
V350085868_L04_524,ATAPSLSGK,HLA-A*11:01,TSINN_IRSNERE_CATDAQTGANNLFF,SGHAT_FQNNGV_CASSLGDTYEQYF
V350085868_L04_525,VVGAVGVGK,HLA-A*11:01,TSINN_IRSNERE_CATDAQTGANNLFF,SGHAT_FQNNGV_CASSLGDTYEQYF
V350085868_L04_526,VVGAVGVGK,HLA-A*11:01,DSSSTY_IFSNMDM_CAESIGARLMF,SGHAT_FQNNGV_CASSSWGRGGPGELFF
V350085868_L04_528,VVGAVGVGK,HLA-A*11:01,TSINN_IRSNERE_CATDAQTGANNLFF,SGHAT_FQNNGV_CASSLGDTYEQYF
V350085868_L04_534,VVGAGDVGK,HLA-A*11:01,TSINN_IRSNERE_CATDAQTGANNLFF,SGHAT_FQNNGV_CASSLGDTYEQYF
V350085868_L04_541,VVGAVGVGK,HLA-A*11:01,TSINN_IRSNERE_CATDAQTGANNLFF,SGHAT_FQNNGV_CASSLGDTYEQYF
V350085868_L04_542,ATAPSLSGK,HLA-A*11:01,YGATPY_YFSGDTLV_CAVLCIQE_GADGLTF,ENHRY_SYGVKD_CAISEAGQVNNEQFF
V350085868_L04_543,VVGAGDVGK,HLA-A*11:01,TSINN_IRSNERE_CATDAQTGANNLFF,SGHAT_FQNNGV_CASSLGDTYEQYF
V350085868_L04_544,ATAPSLSGK,HLA-A*11:01,TSINN_IRSNERE_CATDAQTGANNLFF,SGHAT_FQNNGV_CASSLGDTYEQYF
V350085868_L04_545,VVGAVGVGK,HLA-A*11:01,TSINN_IRSNERE_CATAPYNTDKLIF,MNHEY_SVGAGI_CASSSNTGANTEAFF
V350085868_L04_550,VVGAVGVGK,HLA-A*11:01,NSASDY_IRSNMDK_CAENAPLIYNQGGKLIF,MDHEN_SYDVKM_CASSLQVNTEAFF
V350085868_L04_551,ATAPSLSGK,HLA-A*11:01,SIFNT_LYKAGEL_CAGQTEKLVF,MGHRA_YSYEKL_CASTGSGGPGSYEQYF
V350085868_L04_553,ATAPSLSGK,HLA-A*11:01,TSGFYG_NALDGL_CAVTADKLIF,LNHDA_SQIVND_CASSMGGNQPQHF
V350085868_L04_554,VVGAVGVGK,HLA-A*11:01,TSINN_IRSNERE_CATDAQTGANNLFF,SGHAT_FQNNGV_CASSLGDTYEQYF
V350085868_L04_558,VVGAVGVGK,HLA-A*11:01,TSINN_IRSNERE_CATDAQTGANNLFF,SGHAT_FQNNGV_CASSLGDTYEQYF
V350085868_L04_559,VVGAVGVGK,HLA-A*11:01,TSINN_IRSNERE_CATDAQTGANNLFF,SGHAT_FQNNGV_CASSLGDTYEQYF
V350085868_L04_560,VVGAVGVGK,HLA-A*11:01,TSINN_IRSNERE_CATDAQTGANNLFF,SGHAT_FQNNGV_CASSLGDTYEQYF
V350085868_L04_561,VVGAVGVGK,HLA-A*11:01,TSINN_IRSNERE_CATDAQTGANNLFF,SGHAT_FQNNGV_CASSLGDTYEQYF
V350085868_L04_562,VVGAVGVGK,HLA-A*11:01,TSINN_IRSNERE_CATDAQSGGGADGLTF,SGHAT_FQNNGV_CASSLSDTDTQYF
V350085868_L04_563,VVGAGDVGK,HLA-A*11:01,TSINN_IRSNERE_CATDAQTGANNLFF,SGHAT_FQNNGV_CASSLGDTYEQYF
V350085868_L04_564,VVGAGDVGK,HLA-A*11:01,TSINN_IRSNERE_CATDAQTGANNLFF,SGHAT_FQNNGV_CASSLGDTYEQYF
V350085892_L01_502,SSCMGGMNQR,HLA-A*11:01,TTLSN_LVKSGEV_CAGDFGGGGADGLTF,LGHDT_YNNKEL_CASSHTGYWDNEQFF
V350085892_L01_503,SSCMGGMNQR,HLA-A*11:01,NSMFDY_ISSIKDK_CAASGPSYAHGGSQGNLIF,MNHEY_SVGAGI_CASSNLRGGYTF
V350085892_L01_504,SSCMGGMNQR,HLA-A*11:01,SSNFYA_MTLNGDE_CAPSNYGGSQGNLIF,SGDLS_YYNGEE_CASSVAGGEQYF
V350085892_L01_505,SSCMGGMNQR,HLA-A*11:01,NSMFDY_ISSIKDK_CAANRGTGTASKLTF,SGDLS_YYNGEE_CASSLDSLETQYF
V350085892_L01_506,SSCMGGMNQR,HLA-A*11:01,VSGLRG_LYSAGEE_CAVRPSGTYKYIF,MGHRA_YSYEKL_CASSQAQGDEAFF
V350085892_L01_507,SSCMGGMNQR,HLA-A*11:01,SSNFYA_MTLNGDE_CAPMNYGGSQGNLIF,SGDLS_YYNGEE_CASSGSRTSGNTGELFF
V350085892_L01_510,SSCMGGMNQR,HLA-A*11:01,TSDPSYG_QGSYDQQN_CAMFGAGSYQLTF,SGHRS_YFSETQ_CASSLGGNTEAFF
V350085892_L01_511,SSCMGGMNQR,HLA-A*11:01,NIATNDY_GYKTK_CLVGDIGGGKSTF,SGHRS_YFSETQ_CASQPYISTDTQYF
V350085892_L01_512,SSCMGGMNQR,HLA-A*11:01,DSSSTY_IFSNMDM_CAEGFSSYKLIF,SGHTA_FQGNSA_CASPGALLEGTGELFF
V350085892_L01_513,SSCMGGMNQR,HLA-A*11:01,VSGLRG_LYSAGEE_CAVRPGGGGSRLTF,SGDLS_YYNGEE_CASSVVGSHEQFF
V350085892_L01_514,SSCMGGMNQR,HLA-A*11:01,DSAIYN_IQSSQRE_PYNKLIF,SGHDT_YYEEEE_CASSLGESGGIQYF
V350085892_L01_515,SSCMGGMNQR,HLA-A*11:01,VSGNPY_YITGDNLV_CAVRVRDTGRRALTF,SGHVS_FNYEAQ_CASSSKKKGGNIGYNEQFF
V350085892_L01_516,SSCMGGMNQR,HLA-A*11:01,YGGTVN_YFSGDPLV_CAVSGTYKYIF,DFQATT_SNEGSKA_CSAISGSSYNEQFF
V350085892_L01_520,SSCMGGMNQR,HLA-A*11:01,NSASDY_IRSNMDK_CAETLDG_SSYKLIF,SEHNR_FQNEAQ_CATSGGQETQYF
V350085892_L01_522,SSCMGGMNQR,HLA-A*11:01,NTAFDY_IRPDVSE_CAASITMNNNAGNMLTF,PRHDT_FYEKMQ_CASSGGPRQPQHF
V350085892_L01_523,SSCMGGMNQR,HLA-A*11:01,SIFNT_LYKAGEL_CAGLFLQGAQKLVF,MNHEY_SMNVEV_CASSFSGVGSGELFF
V350085892_L01_524,SSCMGGMNQR,HLA-A*11:01,DSAIYN_IQSSQRE_CAVKNVRDNYGQNFVF,MGHDK_SYGVNS_CASSPRGYEYYGYTF
V350085892_L01_525,SSCMGGMNQR,HLA-A*11:01,TSGFYG_NALDGL_CAVKKNTGFQKLVF,LNHDA_SQIVND_CATGTSGGLDNEQFF
V350085892_L01_527,SSCMGGMNQR,HLA-A*11:01,DRGSQS_IYSNGD_CAVFTGGFKTIF,MNHNS_SASEGT_CASSPKGGQPIMGNEKLFF
V350085892_L01_531,SSCMGGMNQR,HLA-A*11:01,YGGTVN_YFSGDPLV_CAVNRYNTDKLIF,SGHAT_FQDESV_CASSLPPGSSGSVISYEQYF
V350085892_L01_532,SSCMGGMNQR,HLA-A*11:01,NSAFQY_TYSSGN_CAILNTGFQKLVF,MNHNS_SASEGT_CASSAKRQGGTEAFF
V350085892_L01_534,SSCMGGMNQR,HLA-A*11:01,DSAIYN_IQSSQRE_CAVVRMGTDKLIF,DFQATT_SNEGSKA_CSAREDSNYGYTF
V350085892_L01_535,SSCMGGMNQR,HLA-A*11:01,DSAIYN_IQSSQRE_CAVSLYNFNKFYF,MNHEY_SMNVEV_CASSLSTGLYGYTF
V350085892_L01_536,SSCMGGMNQR,HLA-A*11:01,VSGNPY_YITGDNLV_CAVRAAFSGGYNKLIF,SNHLY_FYNNEI_CASGTGGRETQYF
V350085892_L01_537,SSCMGGMNQR,HLA-A*11:01,TSGFNG_NVLDGL_CALPRENNNARLMF,KGHSH_LQKENI_CASLKTAEYGELFF
V350085892_L01_538,SSCMGGMNQR,HLA-A*11:01,DSASNY_IRSNVGE_CAATPPPFKAAGNKLTF,SGHVS_FNYEAQ_CASSLGGTTYEQYF
V350085892_L01_540,SSCMGGMNQR,HLA-A*11:01,ENHRY_SYGVKD_CAITEGTSGKYEQYF,SGHVS_FNYEAQ_CASSINGNTIYF
V350085892_L01_541,SSCMGGMNQR,HLA-A*11:01,DSASNY_IRSNVGE_CAEMDSSYKLIF,SGHVS_FNYEAQ_CASSINGNTIYF
V350085892_L01_542,SSCMGGMNQR,HLA-A*11:01,SIFNT_LYKAGEL_CAGHRGSNYKLTF,SGHNS_FNNNVP_CASSVGG_GTEAFF
V350085892_L01_544,SSCMGGMNQR,HLA-A*11:01,VSGLRG_LYSAGEE_CAVWGDYKLSF,KGHSH_LQKENI_CASSPGTDHNEQFF
V350085892_L01_547,SSCMGGMNQR,HLA-A*11:01,NSASDY_IRSNMDK_CAVEGLIF,SGHDY_FNNNVP_CASRPPDRGFYNEQFF
V350085892_L01_548,SSCMGGMNQR,HLA-A*11:01,SSNFYA_MTLNGDE_CASLSGSARQLTF,SGHTA_FQGNSA_CASSAGLAGERVETQYF
V350085892_L01_550,SSCMGGMNQR,HLA-A*11:01,TISGTDY_GLTSN_CIPLRRRF_QMARSCSL,MNHVT_SPGTGS_YASSSPGTEYGYTF
V350085892_L01_551,SSCMGGMNQR,HLA-A*11:01,NTAFDY_IRPDVSE_CAPATLFVNEKLTF,MNHEY_SMNVEV_CASSLIPRYNEQFF
V350085892_L01_554,SSCMGGMNQR,HLA-A*11:01,DSAIYN_IQSSQRE_CAVSSNTGNQFYF,SGHVS_FNYEAQ_CASSRTGPSYEQYF
V350085892_L01_555,SSCMGGMNQR,HLA-A*11:01,NSASDY_IRSNMDK_CAETTYAGGTSYGKLTF,SGDLS_YYNGEE_CASSPRREQYNEQFF
V350085892_L01_556,SSCMGGMNQR,HLA-A*11:01,DSSSTY_IFSNMDM_CAETSLDTGRRALTF,MNHNS_SASEGT_CASTQEGNGAFQPQHF
V350085892_L01_560,SSCMGGMNQR,HLA-A*11:01,TSGFNG_NVLDGL_CAPLDSNYQLIW,MNHEY_SVGAGI_CATHPGTGVTDTQYF
V350085892_L01_561,SSCMGGMNQR,HLA-A*11:01,SSNFYA_MTLNGDE_CAPSNYGGSQGNLIF,SGDLS_YYNGEE_CASSVAGGEQYF
V350085892_L01_563,SSCMGGMNQR,HLA-A*11:01,VSGLRG_LYSAGEE_CAVQAESQGAQKLVF,SGDLS_YYNGEE_CASGTGDHNEQFF
V350085892_L01_566,SSCMGGMNQR,HLA-A*11:01,SVFSS_VVTGGEV_CAGATGNTGKLIF,LNHDA_SQIVND_CASSIRSGYEQYF
V350085892_L01_568,SSCMGGMNQR,HLA-A*11:01,DSAIYN_IQSSQRE_CAVRKW_DDKIIF,MGHRA_YSYEKL_CASQPAGQGGTGYTF
V350085892_L01_571,SSCMGGMNQR,HLA-A*11:01,DSVNN_IPSGT_CAVAGTGGFKTIF,SGHRS_YFSETQ_CASSFIGGPRLWAFF
V350085892_L01_573,SSCMGGMNQR,HLA-A*11:01,TSINN_IRSNERE_CATDGRDTGRRALTF,MGHRA_YSYEKL_CASSQGDSEIQYF
V350085892_L01_575,SSCMGGMNQR,HLA-A*11:01,NIATNDY_GYKTK_CLVGDPSTGTASKLTF,SGHNS_FNNNVP_CASTGQEDMGYTF
V350085892_L01_576,SSCMGGMNQR,HLA-A*11:01,NSASDY_IRSNMDK_CAEKRKGDDKIIF,SGHVS_FQNEAQ_CASSLLAGSSYEQYF
V350085892_L01_578,SSCMGGMNQR,HLA-A*11:01,DSAIYN_IQSSQRE_CAARGGGAQKLVF,SGHDY_FNNNVP_CASSLPGYDNNEQFF
V350085892_L01_579,SSCMGGMNQR,HLA-A*11:01,TSENNYY_QEAYKQQN_CAFMNGGKLIF,SGHDT_YYEEEE_CASRTSGSWETQYF
V350085892_L01_580,SSCMGGMNQR,HLA-A*11:01,VSPFSN_MTFSENT_CVVSARGAPDMRF,DFQATT_SNEGSKA_CSARGGSLYEQYF
V350085892_L01_581,SSCMGGMNQR,HLA-A*11:01,DSAIYN_IQSSQRE_CAVLTGNQFYF,LNHDA_SQIVND_CASSIRGPGELFF
V350085892_L01_582,SSCMGGMNQR,HLA-A*11:01,SSNFYA_MTLNGDE_CACNQAGTALIF,SQVTM_ANQGSEA_CSVGFGVRLGETQYF
V350085892_L01_583,SSCMGGMNQR,HLA-A*11:01,DSASNY_IRSNVGE_CAASPPQS_AGNKLTF,SEHNR_FQNEAQ_CASSLPWGQGAHEQYF
V350085892_L01_588,SSCMGGMNQR,HLA-A*11:01,VSGNPY_YITGDNLV_CAVRDY_DTPLVF,MNHEY_SVGAGI_CASSYGIGDYGYTF
V350085892_L01_589,SSCMGGMNQR,HLA-A*11:01,SGHAT_FQDESV_CASSLVVPHNEQFF,SGDLS_YYNGEE_CASSVGNDHGNTIYF
V350085892_L01_590,SSCMGGMNQR,HLA-A*11:01,TSGFNG_NVLDGL_CAVRELNSGAGSYQLTF,SGDLS_YYNGEE_CASSVGNDHGNTIYF
V350085892_L01_591,SSCMGGMNQR,HLA-A*11:01,TSGFNG_NVLDGL_CAVRDLD_ARSCSL,MGHRA_YSYEKL_CASSQDLDGQETQYF
V350085892_L01_592,SSCMGGMNQR,HLA-A*11:01,NSASDY_IRSNMDK_CAENPWSSASKIIF,LNHNV_YYDKDF_CATSRDRNRAYSGNTIYF
V350085892_L01_593,SSCMGGMNQR,HLA-A*11:01,TTLSN_LVKSGEV_CAGQRTYKYIF,MNHEY_SVGAGI_CASSPGTTNSPLHF
V350085892_L01_594,SSCMGGMNQR,HLA-A*11:01,TSGFYG_NALDGL_CALHAGKSTF,SGHTA_FQGTGA_CASSLTGTSYEQYF
V350085892_L01_595,SSCMGGMNQR,HLA-A*11:01,TSGFNG_NVLDGL_CAVFSGGYNKLIF,KGHDR_SFDVKD_CATSVSGREDAGELFF
V350085892_L01_596,SSCMGGMNQR,HLA-A*11:01,SGHDN_FVKESK_CASSQDQGR_KGRNYGYTF,MGHDK_SYGVNS_CASSSGFGDTEAFF
V350085892_L02_502,SSCMGGMNQR,HLA-A*11:01,SSNFYA_MTLNGDE_CAPSNYGGSQGNLIF,SGDLS_YYNGEE_CASSIAGGEQYF
V350085892_L02_503,SSCMGGMNQR,HLA-A*11:01,VSGNPY_YITGDNLV_CAVRDGATDSWGKLQF,SGHDY_FNNNVP_CASSFPIYGLTARGYTF
V350085892_L02_504,SSCMGGMNQR,HLA-A*11:01,DRGSQS_IYSNGD_CAVRFRGSSASKIIF,PRHDT_FYEKMQ_CASRENTGELFF
V350085892_L02_505,SSCMGGMNQR,HLA-A*11:01,SSVSVY_YLSGSTLV_CAVRRSGNTPLVF,MNHNY_SVGAGI_CASIPGGTDTQYF
V350085892_L02_507,SSCMGGMNQR,HLA-A*11:01,TRDTTYY_RNSFDEQN_*RAGRI_EKLVF,LGHNA_YSLEER_CASSQDVPGQGSGELFF
V350085892_L02_508,SSCMGGMNQR,HLA-A*11:01,TSGFNG_NVLDGL_CAALDSNYQLIW,DFQATT_SNEGSKA_CSARGVGEGNQPQHF
V350085892_L02_509,SSCMGGMNQR,HLA-A*11:01,KGHDR_SFDVKD_CATSEVNTDTQYF,LGHDT_YNNKEL_CASSQGGTEAFF
V350085892_L02_510,SSCMGGMNQR,HLA-A*11:01,SSYSPS_YTSAATLV_CVVREYGNKLVF,KGHDR_SFDVKD_CATSEVNTDTQYF
V350085892_L02_512,SSCMGGMNQR,HLA-A*11:01,DRGSQS_IYSNGD_CAVNADTGRRALTF,MNHEY_SVGAGI_CASSS*D_VYGYTF
V350085892_L02_517,SSCMGGMNQR,HLA-A*11:01,SGHTA_FQGNSA_CASSYRD_STPQHF,DFQATT_SNEGSKA_CSARDAEYEQYF
V350085892_L02_518,SSCMGGMNQR,HLA-A*11:01,NSASDY_IRSNMDK_CAEKGRR_SQGNLIF,MNHEY_SMNVEV_CASSPGPPLGLFF
V350085892_L02_521,SSCMGGMNQR,HLA-A*11:01,SVFSS_VVTGGEV_CAGGLWSWGKLQF,MNHEY_SMNVEV_CASSLHSIQDEQYF
V350085892_L02_522,SSCMGGMNQR,HLA-A*11:01,TRDTTYY_RNSFDEQN_CALSLLPQAGTALIF,SGHAT_FQNNGV_CASSLGAHEQYF
V350085892_L02_526,SSCMGGMNQR,HLA-A*11:01,TTSDR_LLSNGAV_CAVDIYGGGSEKLVF,KGHSH_LQKENI_CASSLKGQLEYYNSPLHF
V350085892_L02_527,SSCMGGMNQR,HLA-A*11:01,SGDLS_YYNGEE_CASSGGGAETQYF,SGHVS_FNYEAQ_CASSLEVDNEQFF
V350085892_L02_529,SSCMGGMNQR,HLA-A*11:01,NSAFQY_TYSSGN_CAMSGA*LMVDKLIF,SGHAT_FQNNGV_CASSSPGTSGRAQETQYF
V350085892_L02_530,SSCMGGMNQR,HLA-A*11:01,NSAFQY_TYSSGN_CASEFR_NTPLVF,SGHAT_FQNNGV_CASSLFLTDGISYEQYF
V350085892_L02_532,SSCMGGMNQR,HLA-A*11:01,ATGYPS_ATKADDK_CALYSSNTGKLIF,MNHEY_SMNVEV_CASSFGASYEQYF
V350085892_L02_534,SSCMGGMNQR,HLA-A*11:01,DSSSTY_IFSNMDM_CAETPSFS_MARSCSL,MNHNS_SASEGT_CASSRDVPYEQYF
V350085892_L02_535,SSCMGGMNQR,HLA-A*11:01,SSVPPY_YTSAATLV_CAVSAGKLTF,DFQATT_SNEGSKA_CSARVSGGVFLETQYF
V350085892_L02_536,SSCMGGMNQR,HLA-A*11:01,TSGFNG_NVLDGL_CAVRDSNYQLIW,LGHNA_YNFKEQ_CASSQGSGGEFYEQYF
V350085892_L02_537,SSCMGGMNQR,HLA-A*11:01,TISGTDY_GLTSN_CIPRNNNAGNMLTF,SGHRS_YFSETQ_CASSGRTGVGYGYTF
V350085892_L02_538,SSCMGGMNQR,HLA-A*11:01,SSYSPS_YTSAATLV_CVVSDQGFQKLVF,KAHSY_FQNEEL_CASSHPRDR_GLNTEAFF
V350085892_L02_541,SSCMGGMNQR,HLA-A*11:01,NIATNDY_GYKTK_CLVVPAGGTSYGKLTF,MDHEN_SYDVKM_CASRQGAYEQYF
V350085892_L02_542,SSCMGGMNQR,HLA-A*11:01,DSAIYN_IQSSQRE_CAVGQLR_GSEKLVF,MNHEY_SVGEGT_CASSYPEAGDGTDTQYF
V350085892_L02_543,SSCMGGMNQR,HLA-A*11:01,DSSSTY_IFSNMDM_CAEIGSRAGSYQLTF,SGHRS_YFSETQ_CASSTGQGADTQYF
V350085892_L02_544,SSCMGGMNQR,HLA-A*11:01,NTAFDY_IRPDVSE_CAAD*LHQ_GSYIPTF,SGHRS_YFSETQ_CASSTGQGADTQYF
V350085892_L02_545,SSCMGGMNQR,HLA-A*11:01,NSAFQY_TYSSGN_CAMNGGTALIF,SGHDY_FNNNVP_CASSLGGVQPYNEQFF
V350085892_L02_548,SSCMGGMNQR,HLA-A*11:01,NSMFDY_ISSIKDK_CAAGRSDKIIF,LNHDA_SQIVND_CASSLSLMGEQFF
V350085892_L02_550,SSCMGGMNQR,HLA-A*11:01,VSNAYN_GSKP_CAVEDYW_GFKTIF,MNHEY_SVGEGT_CASSYSTSGGNEQFF
V350085892_L02_551,SSCMGGMNQR,HLA-A*11:01,TISGNEY_GLKNN_CIVRLQE_GADGLTF,MGHRA_YSYEKL_CASSQEPRANNQPQHF
V350085892_L02_553,SSCMGGMNQR,HLA-A*11:01,NSMFDY_ISSIKDK_CAASDVTTFAYKYIF,LNHDA_SQIVND_CASSFTGTGNEQYF
V350085892_L02_554,SSCMGGMNQR,HLA-A*11:01,NSMFDY_ISSIKDK_CAASATGAGANNLFF,KGHDR_SFDVKD_CATSDYTYNEQFF
V350085892_L02_556,SSCMGGMNQR,HLA-A*11:01,TSESDYY_QEAYKQQN_CAYAPHFFISNFGNEKLTF,LGHDT_YNNKEL_CASSQDTGTQETQYF
V350085892_L02_557,SSCMGGMNQR,HLA-A*11:01,TISGTDY_GLTSN_CILMYAGGTSYGKLTF,MNHEY_SMNVEV_CASSPRGTGAYEQYF
V350085892_L02_559,SSCMGGMNQR,HLA-A*11:01,YGATPY_YFSGDTLV_CAVGAGW_ANNLFF,SQVTM_ANQGSEA_CSVASWYEQYF
V350085892_L02_561,SSCMGGMNQR,HLA-A*11:01,VTNFRS_LTSSGIE_CAVEAETSYDKVIF,SGHVS_FNYEAQ_CASSLFVKGNEQYF
V350085892_L02_564,SSCMGGMNQR,HLA-A*11:01,TSINN_IRSNERE_CATGGDYKLSF,SGDLS_YYNGEE_CASSVGGYYNEQFF
V350085892_L02_566,SSCMGGMNQR,HLA-A*11:01,DSAIYN_IQSSQRE_CAVTATSGTYKYIF,MNHEY_SMNVEV_CASSYAGGPFQPQHF
V350085892_L02_569,SSCMGGMNQR,HLA-A*11:01,SVFSS_VVTGGEV_CAGVQNYGGSQGNLIF,MDHEN_SYDVKM_CASSLIVEGAREKLFF
V350085892_L02_571,SSCMGGMNQR,HLA-A*11:01,TSDPSYG_QGSYDQQN_CAMREGPGGTYKYIF,MGHRA_YSYEKL_CASSQTSGVVNTEAFF
V350085892_L02_574,SSCMGGMNQR,HLA-A*11:01,NIATNDY_GYKTK_CLVGGNAGNMLTF,SGHRS_YFSETQ_CASEDSSYNEQFF
V350085892_L02_576,SSCMGGMNQR,HLA-A*11:01,TISGTDY_GLTSN_CILRDTSYGKLTF,DFQATT_SNEGSKA_CSARDPSGVNTGELFF
V350085892_L02_580,SSCMGGMNQR,HLA-A*11:01,SSYSPS_YTSAATLV_CVVTEGDFGNEKLTF,MNHEY_SMNVEV_CASSFTQRAYFQFF
V350087393_L01_501,VVGAVGVGK,HLA-A*11:01,NSASDY_IRSNMDK_CAENTGGYNKLIF,KGHDR_SFDVKD_CATSDARDEQFF
V350087393_L01_502,VVGAVGVGK,HLA-A*11:01,DSAIYN_IQSSQRE_CAVKPVGNSGYALNF,MNHNS_SASEGT_CASSEVWPPPSNQPQHF
V350087393_L01_503,ATAPSLSGK,HLA-A*11:01,YGATPY_YFSGDTLV_CAVGGGRY_GTASKLTF,SGHNS_FNNNVP_CASSPGTGIQHF
V350087393_L01_504,ATAPSLSGK,HLA-A*11:01,NSMFDY_ISSIKDK_CAARAQGGSEKLVF,SGHDY_FNNNVP_CASSYSVEQFF
V350087393_L01_507,VVGAVGVGK,HLA-A*11:01,VSGNPY_YITGDNLV_CAVRDGASGGSYIPTF,SGHDT_YYEEEE_CASSLLWAGVPYEQYF
V350087393_L01_509,ATAPSLSGK,HLA-A*11:01,ATGYPS_ATKADDK_CALSGGETSGSRLTF,SGHNT_YENEEA_CASSLGWDSEVHYF
V350087393_L01_510,VVGAGDVGK,HLA-A*11:01,TSINN_IRSNERE_CATLTTDSWGKLQF,SGDLS_YYNGEE_CASSVGGRGHEQYF
V350087393_L01_512,VVGAVGVGK,HLA-A*11:01,TTSDR_LLSNGAV_CAVDDLTSGTYKYIF,SGHRS_YFSETQ_CASSSSDAPEAFF
V350087393_L01_513,VVGAVGVGK,HLA-A*11:01,TTSDR_LLSNGAV_CAVDMWDNAGNMLTF,SGHRS_YFSETQ_CASSWGKDSYYEQYF
V350087393_L01_515,VVGAVGVGK,HLA-A*11:01,NIATNDY_GYKTK_CLVGDRNNARLMF,MNHEY_SVGAGI_CASSYGIGDYGYTF
V350087393_L01_518,VVGAGDVGK,HLA-A*11:01,NSAFQY_TYSSGN_CAMRRASGGSYIPTF,DFQATT_SNEGSKA_CSASTLGGQQETQYF
V350087393_L01_521,VVGAVGVGK,HLA-A*11:01,DSAIYN_IQSSQRE_CAVPEAGGSQGNLIF,MNHEY_SVGAGI_CASSPPGYYYNEQFF
V350087393_L01_524,VVGAVGVGK,HLA-A*11:01,TISGNEY_GLKNN_CIVRGFGGTSYGKLTF,KGHSH_LQKENI_CASSHTETTQETQYF
V350087393_L01_530,VVGAGDVGK,HLA-A*11:01,NSMFDY_ISSIKDK_CATGNTGKLIF,GTSNPN_SVGIG_CAWRGGHYGYTF
V350087393_L01_531,VVGAVGVGK,HLA-A*11:01,NSAFQY_TYSSGN_CARLTTDSWGKLQF,DFQATT_SNEGSKA_CSAFGTSETDTQYF
V350087393_L01_534,ATAPSLSGK,HLA-A*11:01,DSAIYN_IQSSQRE_CAVNENYGQNFVF,LNHDA_SQIVND_CASSRGGSSYEQYF
V350087393_L01_535,ATAPSLSGK,HLA-A*11:01,SSVPPY_YTSAATLV_CAVSC*F_GAQKLVF,PRHDT_FYEKMQ_CASSGTAISTDTQYF
V350087393_L01_538,ATAPSLSGK,HLA-A*11:01,NIATNDY_GYKTK_CLVVTYTGTASKLTF,SGHNS_FNNNVP_CASSPGTGIQHF
V350087393_L01_539,VVGAVGVGK,HLA-A*11:01,NIATNDY_GYKTK_CLVVTYTGTASKLTF,MNHEY_SVGAGI_CASSYAGGYNEQFF
V350087393_L01_541,VVGAVGVGK,HLA-A*11:01,YGATPY_YFSGDTLV_CAVGASDSWGKFEF,SGHNS_FNNNVP_CASSPGTGIQHF
V350087393_L01_542,ATAPSLSGK,HLA-A*11:01,DRGSQS_IYSNGD_CAVGTGFQKLVF,MNHEY_SMNVEV_CASSLSRDNEQFF
V350087393_L01_543,ATAPSLSGK,HLA-A*11:01,NSASDY_IRSNMDK_CAENPRGSYIPTF,SGHAT_FQNNGV_CASSQGTPSYEQYF
V350087393_L01_544,ATAPSLSGK,HLA-A*11:01,TSINN_IRSNERE_CATDAGGGADGLTF,SGDLS_YYNGEE_CASSTRGRDSSEKLFF
V350087393_L01_546,VVGAVGVGK,HLA-A*11:01,SSNFYA_MTLNGDE_CASGDDYKLSF,MGHRA_YSYEKL_CASSQVLGGYEQYF
V350087393_L01_547,ATAPSLSGK,HLA-A*11:01,DSVNN_IPSGT_CAVELGAGGTSYGKLTF,MGHRA_YSYEKL_CASSQVLGGYEQYF
V350087393_L01_549,VVGAVGVGK,HLA-A*11:01,TSINN_IRSNERE_CATRIRGDMRF,SQVTM_ANQGSEA_CSVEDVSPGGLTLHF
V350087393_L01_552,VVGAVGVGK,HLA-A*11:01,TISGTDY_GLTSN_CILNSGGSNYKLTF,SGHNT_YENEEA_CASSSRRTGGGTQYF
V350087393_L01_558,ATAPSLSGK,HLA-A*11:01,VSGNPY_YITGDNLV_CAVRDGGGFKTIF,ENHRY_SYGVKD_CAIRQENTEAFF
V350087393_L01_559,ATAPSLSGK,HLA-A*11:01,SSNFYA_MTLNGDE_CAFLSYSDYKLSF,DFQATT_SNEGSKA_CSARLVGGEKLFF
V350087393_L01_560,VVGAVGVGK,HLA-A*11:01,DSAIYN_IQSSQRE_CAVIAGGYQKVTF,SQVTM_ANQGSEA_CSVEAGASSYNEQFF
V350087393_L01_561,ATAPSLSGK,HLA-A*11:01,TSGFYG_NALDGL_CAVNSD_ARSCSL,LNHDA_SQIVND_CASSNWDINYGYTF
V350087393_L01_564,VVGAVGVGK,HLA-A*11:01,TSGFNG_NVLDGL_CAVLNDYKLSF,SGHRS_YFSETQ_CASSLADRAYEQYF
V350087393_L02_502,ATAPSLSGK,HLA-A*11:01,VSGLRG_LYSAGEE_CAVHGGSNYKLTF,SQVTM_ANQGSEA_CSVKTGNTGELFF
V350087393_L02_503,ATAPSLSGK,HLA-A*11:01,YGATPY_YFSGDTLV_CAVGSDSSYKLIF,LGHDT_YNNKEL_CASSQHSGRCRAKGTEAFF
V350087393_L02_508,VVGAVGVGK,HLA-A*11:01,TSENNYY_QEAYKQQN_CAFMGKTSYDKVIF,MGHRA_YSYEKL_CASSRADNQPQHF
V350087393_L02_509,ATAPSLSGK,HLA-A*11:01,DSVNN_IPSGT_CAVGSGRTDSWGKLQF,KGHDR_SFDVKD_CATSEDRGKLFF
V350087393_L02_510,VVGAVGVGK,HLA-A*11:01,TSINN_IRSNERE_CATDAQTGANNLFF,SGHAT_FQNNGV_CASSLGDTYEQYF
V350087393_L02_511,ATAPSLSGK,HLA-A*11:01,TSESDYY_QEAYKQQN_CAYRSALSGTYKYIF,SGHKS_YYEKEE_CASSFGRSELRTYEQYF
V350087393_L02_512,ATAPSLSGK,HLA-A*11:01,DSSSTY_IFSNMDM_CAPNTGGFKTIF,SEHNR_FQNEAQ_CASSLEGRVTQYF
V350087393_L02_513,VVGAVGVGK,HLA-A*11:01,TSINN_IRSNERE_CATDAQTGANNLFF,SGHAT_FQNNGV_CASSLGDTYEQYF
V350087393_L02_514,VVGAVGVGK,HLA-A*11:01,TSINN_IRSNERE_CATDAQTGANNLFF,SGHAT_FQNNGV_CASSLGDTYEQYF
V350087393_L02_516,ATAPSLSGK,HLA-A*11:01,ATGYPS_ATKADDK_CALTGNDYKLSF,MGHRA_YSYEKL_CASSKGRGLDTGELFF
V350087393_L02_517,ATAPSLSGK,HLA-A*11:01,DSASNY_IRSNVGE_CAPMST*_NTGKLIF,PRHDT_FYEKMQ_CASSLAPTFQVNTEAFF
V350087393_L02_518,VVGAGDVGK,HLA-A*11:01,TSESDYY_QEAYKQQN_CAYTNRDDKIIF,SGHDT_YYEEEE_CASSLIGLQNTGELFF
V350087393_L02_520,VVGAVGVGK,HLA-A*11:01,TTLSN_LVKSGEV_CAGPGKTSYDKVIF,MNHNS_SASEGT_CASSEGLAGTYEQYF
V350087393_L02_523,VVGAVGVGK,HLA-A*11:01,DSASNY_IRSNVGE_CAASPLWL_SNTGKLIF,MDHEN_SYDVKM_CASSPPAERSTEAFF
V350087393_L02_526,VVGAVGVGK,HLA-A*11:01,TSINN_IRSNERE_CATDAQTGANNLFF,SGHAT_FQNNGV_CASSLGDTYEQYF
V350087393_L02_527,ATAPSLSGK,HLA-A*11:01,KALYS_LLKGGEQ_CGTTGTYKYIF,MNHNY_SVGAGI_CASSYSVTGGKETQYF
V350087393_L02_531,ATAPSLSGK,HLA-A*11:01,DSASNY_IRSNVGE_CAASGNTNAGKSTF,SGHTA_FQGTGA_CASSLGYSYEQYF
V350087393_L02_533,VVGAVGVGK,HLA-A*11:01,NSASDY_IRSNMDK_CAENMPLIYNQGGKLIF,MDHEN_SYDVKM_CASSLQVNTEAFF
V350087393_L02_534,VVGAVGVGK,HLA-A*11:01,SSVPPY_YTSAATLV_CAVTLYGGATNKLIF,MGHRA_YSYEKL_CASSQDYHRGGGELFF
V350087393_L02_535,ATAPSLSGK,HLA-A*11:01,TSINN_IRSNERE_CATDAQTGANNLFF,SGHDY_FNNNVP_CASSFQETQYF
V350087393_L02_538,ATAPSLSGK,HLA-A*11:01,TRDTTYY_RNSFDEQN_CALSGGDTDKLIF,PRHDT_FYEKMQ_CASSSVAG_FDGELFF
V350087393_L02_539,VVGAVGVGK,HLA-A*11:01,TISGTDY_GLTSN_YQALRE_QKLVF,KAHSY_FQNEEL_CASSTLTAGTDTQYF
V350087393_L02_540,ATAPSLSGK,HLA-A*11:01,TSINN_IRSNERE_CATDAQTGANNLFF,SNHLY_FYNNEI_CASEGNRANTGELFF
V350087393_L02_542,VVGAVGVGK,HLA-A*11:01,TSINN_IRSNERE_CATDAQTGANNLFF,SGHAT_FQNNGV_CASSLGDTYEQYF
V350087393_L02_543,ATAPSLSGK,HLA-A*11:01,VSNAYN_GSKP_CAVIGGATNKLIF,SGHVS_FQNEAQ_CASSDRYNTYEQYF
V350087393_L02_544,VVGAVGVGK,HLA-A*11:01,TSINN_IRSNERE_CATDAQTGANNLFF,SGHAT_FQNNGV_CASSLGDTYEQYF
V350087393_L02_545,VVGAVGVGK,HLA-A*11:01,TSINN_IRSNERE_CATDAQTGANNLFF,SGHAT_FQNNGV_CASSLGDTYEQYF
V350087393_L02_546,VVGAVGVGK,HLA-A*11:01,TSINN_IRSNERE_CAYRSNAGNMLTF,DFQATT_SNEGSKA_CSAKPVGQVTEAFF
V350087393_L02_547,VVGAVGVGK,HLA-A*11:01,TSINN_IRSNERE_CATDAQTGANNLFF,SGHAT_FQNNGV_CASSLGDTYEQYF
V350087393_L02_550,VVGAGDVGK,HLA-A*11:01,TTLSN_LVKSGEV_CAGPNNQGGKLIF,SQVTM_ANQGSEA_CSVPRRTDTQYF
V350087393_L02_551,ATAPSLSGK,HLA-A*11:01,DRGSQS_IYSNGD_CAVVSTQSTWGT_SVIYNQGGKLIF,SGDLS_YYNGEE_CASSVARFTGELFF
V350087393_L02_554,VVGAVGVGK,HLA-A*11:01,TSINN_IRSNERE_CATDAQTGANNLFF,SGHAT_FQNNGV_CASSLGDTYEQYF
V350087393_L02_555,VVGAVGVGK,HLA-A*11:01,TSINN_IRSNERE_CATDAQTGANNLFF,SGHAT_FQNNGV_CASSLGDTYEQYF
V350087393_L02_556,VVGAVGVGK,HLA-A*11:01,NSMFDY_ISSIKDK_CLGGTSYGKLTF,MNHEY_SVGEGT_CASSIGGLNTGELFF
V350087393_L02_557,ATAPSLSGK,HLA-A*11:01,SIFNT_LYKAGEL_CAGPRSAGNMLTF,MNHEY_SVGAGI_CASCVQGGYGYTF
V350087393_L02_558,VVGAVGVGK,HLA-A*11:01,TSINN_IRSNERE_CATDAQTGANNLFF,MNHEY_SMNVEV_CASSSSILSGNTIYF
V350087393_L02_560,ATAPSLSGK,HLA-A*11:01,SSNFYA_MTLNGDE_CAFPANQAGTALIF,LNHDA_SQIVND_CASSLAGGLQETQYF
V350087393_L02_561,VVGAVGVGK,HLA-A*11:01,TSINN_IRSNERE_CATDAQTGANNLFF,SGHAT_FQNNGV_CASSLGDTYEQYF
V350087393_L02_563,VVGAGDVGK,HLA-A*11:01,DSSSTY_IFSNMDM_CAESIGARLMF,SGHAT_FQNNGV_CASSSWGRGGPGELFF
V350087393_L02_566,VVGAVGVGK,HLA-A*11:01,TSINN_IRSNERE_CATDAQTGANNLFF,SGHAT_FQNNGV_CASSLGDTYEQYF
V350087393_L02_570,VVGAGDVGK,HLA-A*11:01,KALYS_LLKGGEQ_CGTVLTGTASKLTF,SNHLY_FYNNEI_CASSEFIGP_SISGNTIYF
V350087393_L02_571,ATAPSLSGK,HLA-A*11:01,KALYS_LLKGGEQ_CGTEIETGNQFYF,SQVTM_ANQGSEA_CSADGGLADYNEQFF
V350087393_L02_572,VVGAVGVGK,HLA-A*11:01,TSINN_IRSNERE_CATDAQTGANNLFF,SGHAT_FQNNGV_CASSLGDTYEQYF
V350087393_L02_573,VVGAVGVGK,HLA-A*11:01,DSSSTY_IFSNMDM_CAESIGARLMF,SGHAT_FQNNGV_CASSSWGRGGPGELFF
V350087393_L02_575,VVGAVGVGK,HLA-A*11:01,DRGSQS_IYSNGD_CAVMSMVGTYKYIF,PRHDT_FYEKMQ_CASSLEGGIEAFF
V350087393_L02_576,VVGAVGVGK,HLA-A*11:01,VSGNPY_YITGDNLV_CAVREWRTNAGKSTF,SGHVS_FNYEAQ_CASSPGHSIPTDTQYF
V350087393_L02_579,VVGAVGVGK,HLA-A*11:01,TSINN_IRSNERE_CATDAQTGANNLFF,SGHAT_FQDESV_CASSLGDTYEQYF
V350087393_L02_581,VVGAVGVGK,HLA-A*11:01,TSINN_IRSNERE_CATDAQTGANNLFF,SGHAT_FQNNGV_CASSLGDTYEQYF
V350087393_L02_582,VVGAVGVGK,HLA-A*11:01,TSINN_IRSNERE_CATDAQTGANNLFF,SGHAT_FQNNGV_CASSLGDTYEQYF
V350087393_L02_584,VVGAVGVGK,HLA-A*11:01,NSASDY_IRSNMDK_CAENNNNARLMF,KGHSY_FQNENV_CASSQSLTSFYEQYF
V350087393_L02_587,VVGAVGVGK,HLA-A*11:01,TSINN_IRSNERE_CATGAQTGANNLFF,SGHAT_FQNNGV_CASSLGDTYEQYF
V350087393_L02_588,VVGAVGVGK,HLA-A*11:01,DSASNY_IRSNVGE_CAATDYKLSF,MNHEY_SMNVEV_CASTGGPSFTDTQYF
V350087393_L02_589,VVGAVGVGK,HLA-A*11:01,TSENNYY_QEAYKQQN_CAFMKNYGGSQGNLIF,MNHNY_SVGAGI_CASSYSRMNTEAFF
V350087393_L02_590,VVGAVGVGK,HLA-A*11:01,TSINN_IRSNERE_CATDAQTGANNLFF,SGHAT_FQNNGV_CASSLGDTYEQYF
V350087393_L02_592,ATAPSLSGK,HLA-A*11:01,TSGFNG_NVLDGL_CAVRDLRNYQLIW,SGHNS_FNNNVP_CASSDRGRGSNQPQHF
V350087393_L02_593,VVGAVGVGK,HLA-A*11:01,TSINN_IRSNERE_CATDAQTGANNLFF,SGHAT_FQNNGV_CASSLGDTYEQYF
V350087393_L02_595,VVGAVGVGK,HLA-A*11:01,TSINN_IRSNERE_CATDAQTGANNLFF,SGHAT_FQNNGV_CASSLGDTYEQYF
V350087393_L02_596,VVGAVGVGK,HLA-A*11:01,TSINN_IRSNERE_CATDAQTGANNLFF,SGHAT_FQNNGV_CASSLGDTYEQYF
V350087393_L03_501,VVGAVGVGK,HLA-A*11:01,VSGNPY_YITGDNLV_CAVRRSNDYKLSF,MNHNS_SASEGT_CASREMDSSGNTIYF
V350087393_L03_502,VVGAVGVGK,HLA-A*11:01,TSINN_IRSNERE_CATDAQTGANNLFF,SGHAT_FQNNGV_CASSLGDTYEQYF
V350087393_L03_503,VVGAVGVGK,HLA-A*11:01,NSAFQY_TYSSGN_CALTQGGKLIF,MNHEY_SMNVEV_CASSLARGDGYTF
V350087393_L03_504,VVGAVGVGK,HLA-A*11:01,DSVNN_IPSGT_CAALNDMRF,KAHSY_FQNEEL_CASSQH*_AGDTQYF
V350087393_L03_506,VVGAVGVGK,HLA-A*11:01,TSINN_IRSNERE_CATDAQTGANNLFF,SGHAT_FQNNGV_CASSLGDTYEQYF
V350087393_L03_507,ATAPSLSGK,HLA-A*11:01,VSGNPY_YITGDNLV_CAAERGSQGNLIF,LGHNA_YSLEER_CASSPGQGWTEAFF
V350087393_L03_508,ATAPSLSGK,HLA-A*11:01,SGHDN_FVKESK_CASSLRQGFTEAFF,SGHAT_FQNNGV_CASSLGDTYEQYF
V350087393_L03_510,VVGAVGVGK,HLA-A*11:01,YGGTVN_YFSGDPLV_CASSRRGSQGNLIF,DFQATT_SNEGSKA_CSARGIRDSLYEQYF
V350087393_L03_511,VVGAVGVGK,HLA-A*11:01,TSINN_IRSNERE_CATDAQTGANNLFF,SGHAT_FQNNGV_CASSLGDTYEQYF
V350087393_L03_512,VVGAVGVGK,HLA-A*11:01,TSENNYY_QEAYKQQN_CAFMKMGNKLVF,MNHEY_SMNVEV_CASSLGWGNIQYF
V350087393_L03_513,VVGAVGVGK,HLA-A*11:01,TRDTTYY_RNSFDEQN_CALSEAPQGGSEKLVF,KAHSY_FQNEEL_CASSKAHATNEKLFF
V350087393_L03_518,VVGAVGVGK,HLA-A*11:01,VSGNPY_YITGDNLV_CAVRARNAGNNRKLIW,DFQATT_SNEGSKA_CSARGADTQYF
V350087393_L03_519,VVGAVGVGK,HLA-A*11:01,TSINN_IRSNERE_CATDAQTGANNLFF,SGHAT_FQNNGV_CASSLGDTYEQYF
V350087393_L03_521,VVGAVGVGK,HLA-A*11:01,VSPFSN_MTFSENT_CVVSFPYGGSQGNLIF,LGHDT_YNNKEL_CASSQGRITKNIQYF
V350087393_L03_522,VVGAVGVGK,HLA-A*11:01,VSPFSN_MTFSENT_CVVSFPYGGSQGNLIF,LGHDT_YNNKEL_CASSQGRITKNIQYF
V350087393_L03_523,ATAPSLSGK,HLA-A*11:01,NSAFQY_TYSSGN_CAMSAGGDMRF,MNHEY_SMNVEV_CASSFGAGELFF
V350087393_L03_524,VVGAVGVGK,HLA-A*11:01,VSGLRG_LYSAGEE_CAVQSRSNDYKLSF,ENHRY_SYGVKD_CAIRTDLTEAFF
V350087393_L03_525,VVGAVGVGK,HLA-A*11:01,TSINN_IRSNERE_CATDAQTGANNLFF,SGHAT_FQNNGV_CASSLGDTYEQYF
V350087393_L03_526,VVGAVGVGK,HLA-A*11:01,TSINN_IRSNERE_CATDAQTGANNLFF,SGHAT_FQNNGV_CASSLGDTYEQYF
V350087393_L03_528,VVGAVGVGK,HLA-A*11:01,TSINN_IRSNERE_CATDAQTGANNLFF,SGHAT_FQNNGV_CASSLGDTYEQYF
V350087393_L03_530,ATAPSLSGK,HLA-A*11:01,TSGFNG_NVLDGL_CAVTDSNYQLIW,MNHEY_SVGAGI_CASSYSSGGGPTDTQYF
V350087393_L03_537,ATAPSLSGK,HLA-A*11:01,VSPFSN_MTFSENT_CVVS*KA_GDKLTF,SEHNR_FQNEAQ_CASSLEGETYEQYF
V350087393_L03_539,VVGAVGVGK,HLA-A*11:01,TSINN_IRSNERE_CATDAQTGANNLFF,SGHAT_FQNNGV_CASSLGDTYEQYF
V350087393_L03_543,ATAPSLSGK,HLA-A*11:01,NSMFDY_ISSIKDK_CAARLTGNQFYF,LNHNV_YYDKDF_CATSRDTLAGGPTDTQYF
V350087393_L03_544,ATAPSLSGK,HLA-A*11:01,NSASDY_IRSNMDK_CAENMPLIYNQGGKLIF,MDHEN_SYDVKM_CASSLQVNTEAFF
V350087393_L03_545,VVGAVGVGK,HLA-A*11:01,NSMFDY_ISSIKDK_CAAIDGH_GRRALTF,SEHNR_FQNEAQ_CASSSPTESEQYF
V350087393_L03_548,ATAPSLSGK,HLA-A*11:01,VSGNPY_YITGDNLV_CAVRDGLDSSYKLIF,SGHKS_YYEKEE_CASSLRQINSNQPQHF
V350087393_L03_550,VVGAVGVGK,HLA-A*11:01,SVFSS_VVTGGEV_WL*QH_GKLIF,SEHNR_FQNEAQ_CASSLGGLEQFF
V350087393_L03_553,ATAPSLSGK,HLA-A*11:01,VSPFSN_MTFSENT_CVVSVAYKYIF,SGHTA_FQGNSA_CASSLPFGGQPQHF
V350087393_L03_554,VVGAVGVGK,HLA-A*11:01,TSINN_IRSNERE_CATDAQTGANNLFF,SGHAT_FQNNGV_CASSLGDIYEQYF
V350087393_L03_557,VVGAVGVGK,HLA-A*11:01,DRGSQS_IYSNGD_CAVNTLNYGQNFVF,SGHAT_FQNNGV_CASSLGDTYEQYF
V350087393_L03_558,VVGAVGVGK,HLA-A*11:01,TSINN_IRSNERE_CATDAQTGANNLFF,SGHAT_FQNNGV_CASSLGDTYEQYF
V350087393_L03_559,VVGAVGVGK,HLA-A*11:01,TSESDYY_QEAYKQQN_CAYRAGNTPLVF,SEHNR_FQNEAQ_CASSSREGPYTDTQYF
V350087393_L03_560,VVGAVGVGK,HLA-A*11:01,TSINN_IRSNERE_CATDAQTGANNLFF,SGHAT_FQNNGV_CASSLGDTYEQYF
V350087393_L03_562,ATAPSLSGK,HLA-A*11:01,NTAFDY_IRPDVSE_CAAGWIGTAGNKLTF,SGHNS_FNNNVP_CASRSNTGELFF
V350087393_L03_563,VVGAVGVGK,HLA-A*11:01,SSNFYA_MTLNGDE_CAFFSGNTPLVF,MNHEY_SVGAGI_CASRSPLAGLYEQYF
V350087393_L03_564,VVGAVGVGK,HLA-A*11:01,TSGFNG_NVLDGL_CAVKDSNYQLIW,DFQATT_SNEGSKA_CSARENTGLEQYF
V350087393_L04_503,VLLSHLSYL,HLA-A*02:01,NSAFQY_TYSSGN_CAMIGGFGGSYIPTF,SNHLY_FYNNEI_CASSVDGENTEAFF
V350087393_L04_505,VLLSHLSYL,HLA-A*02:01,VTNFRS_LTSSGIE_CAV*GIEE_NNARLMF,MNHEY_SVGAGI_CASSYPPEEAFF
V350087393_L04_507,VLLSHLSYL,HLA-A*02:01,SIFNT_LYKAGEL_CAGQTLTQGGSEKLVF,GTSNPN_SVGIG_CAWSPR*G_*SYEQYF
V350087393_L04_508,VLLSHLSYL,HLA-A*02:01,TSGFNG_NVLDGL_CAVRDGMNRDDKIIF,DFQATT_SNEGSKA_CSARDQRGRDYEQFF
V350087393_L04_509,VLLSHLSYL,HLA-A*02:01,DSASNY_IRSNVGE_CAASKGSGNTGKLIF,SGDLS_YYNGEE_CASSVGISSYNEQFF
V350087393_L04_510,VLLSHLSYL,HLA-A*02:01,TISGNEY_GLKNN_CTESPPGTNAGGTSYGKLTF,SGHDY_FNNNVP_CASSFGGSGETQYF
V350087393_L04_511,VLLSHLSYL,HLA-A*02:01,TSGFNG_NVLDGL_CAVMDSNYQLIW,DFQATT_SNEGSKA_CSSSGPDVAHGYTF
V350087393_L04_512,VLLSHLSYL,HLA-A*02:01,VSGLRG_LYSAGEE_CAVHKGSGNTGKLIF,GTSNPN_SVGIG_CAWSVQGW_VSGNTIYF
V350087393_L04_514,VLLSHLSYL,HLA-A*02:01,KAHSY_FQNEEL_CASSKREGMTYEQYF,MDHEN_SYDVKM_CATRDRGSTEAFF
V350087393_L04_517,LVTDDLLTL,HLA-A*02:01,DSVNN_IPSGT_CAVPGSGNTPLVF,SEHNR_FQNEAQ_CASSSTSGGVYNEQFF
V350087393_L04_518,VLLSHLSYL,HLA-A*02:01,NIATNDY_GYKTK_CLVVLGEAGNNRKLIW,SGHNT_YYREEE_CASSSFGGVEQYF
V350087393_L04_524,VLLSHLSYL,HLA-A*02:01,DSASNY_IRSNVGE_CGAVLANTGNQFYF,LNHDA_SQIVND_CASSLDGLSYNEQFF
V350087393_L04_525,VLLSHLSYL,HLA-A*02:01,TISGNEY_GLKNN_CIVRVADSTYTTSGTYKYIF,LNHDA_SQIVND_CASSLDGLSYNEQFF
V350087393_L04_526,SLMEQIPHL,HLA-A*02:01,NSASDY_IRSNMDK_CAENSYGNKLVF,MNHEY_SVGAGI_CASSYSGQGAEAFF
V350087393_L04_530,VLLSHLSYL,HLA-A*02:01,DSASNY_IRSNVGE_CAATSV_SKIIF,SGHVS_FNYEAQ_CASSPPAGSTDTQYF
V350087393_L04_532,VLLSHLSYL,HLA-A*02:01,NSAFQY_TYSSGN_CAMKEESGGGADGLTF,SGHRS_YFSETQ_CASEDRNTGELFF
V350087393_L04_535,VLLSHLSYL,HLA-A*02:01,TSENNYY_QEAYKQQN_CAFMYYEKLVF,SGHTA_FQGTGA_CASSERQGVGYTF
V350087393_L04_539,VLLSHLSYL,HLA-A*02:01,DSAIYN_IQSSQRE_CAVGQILQGGSEKLVF,LNHDA_SQIVND_CASSISSANYNEQFF
V350087393_L04_541,VLLSHLSYL,HLA-A*02:01,SIFNT_LYKAGEL_CAGQVEG_LGMCCIA,SGHRS_YFSETQ_CASSLAGTTNEKLFF
V350087393_L04_542,VLLSHLSYL,HLA-A*02:01,NIATNDY_GYKTK_CLVGDPGAPMNTGFQKLVF,GTSNPN_SVGIG_CAWSGAGGDEQFF
V350087393_L04_545,VLLSHLSYL,HLA-A*02:01,DRGSQS_IYSNGD_CAVSGYSTLTF,SNHLY_FYNNEI_CASSTDISYEQYF
V350087393_L04_546,LVTDDLLTL,HLA-A*02:01,NSMFDY_ISSIKDK_CAASEWKK_GGSEKLVF,SGHVS_FNYEAQ_CASSTPRGGPAAETQYF
V350087393_L04_550,LVTDDLLTL,HLA-A*02:01,NSAFQY_TYSSGN_CAMSGGLGSWAGNQFYF,DFQATT_SNEGSKA_CSASKREMEGPDNSPLHF
V350087393_L04_552,SLMEQIPHL,HLA-A*02:01,NSASDY_IRSNMDK_CAGNDRGSTLGRLYF,MGHRA_YSYEKL_CASSQEFEGYEQYF
V350087393_L04_553,VLLSHLSYL,HLA-A*02:01,DSASNY_IRSNVGE_CAASNGAGGTSYGKLTF,SGHRS_YFSETQ_CASSPVDDEKLFF
V350087393_L04_557,SLMEQIPHL,HLA-A*02:01,YSGSPE_HISR_CA_GF,MNHEY_SMNVEV_CASSLTGVNTEAFF
V350087393_L04_566,VLLSHLSYL,HLA-A*02:01,SSVPPY_YTSAATLV_CAVGIIQGAQKLVF,MDHEN_SYDVKM_CASSLWGENTEAFF
V350087393_L04_573,VLLSHLSYL,HLA-A*02:01,SSNFYA_MTLNGDE_CAPEMDSNYQLIW,SGHDT_YYEEEE_CASRGAKNIQYF
V350087393_L04_574,VLLSHLSYL,HLA-A*02:01,NSAFQY_TYSSGN_CAILNAGKSTF,SGHRS_YFSETQ_CASSN*RQGYTF
V350087393_L04_576,VLLSHLSYL,HLA-A*02:01,TSESDYY_QEAYKQQN_CAYRRRA_DYKLSF,SGHVS_FNYEAQ_CASRLTPGTGSGEAFF
V350087393_L04_580,VLLSHLSYL,HLA-A*02:01,DSAIYN_IQSSQRE_CAVVSYGGATNKLIF,LGHDT_YNNKEL_CASSQDGGIGVEQFF
V350087393_L04_582,VLLSHLSYL,HLA-A*02:01,DSASNY_IRSNVGE_CAASIRYSGAGSYQLTF,SGHTA_FQGTGA_CASSLPGQNTDTQYF
V350087393_L04_586,VLLSHLSYL,HLA-A*02:01,DRGSQS_IYSNGD_CAVNMIGFKTIF,DFQATT_SNEGSKA_CSAPGDTQYF
V350087393_L04_588,VLLSHLSYL,HLA-A*02:01,VSGNPY_YITGDNLV_CAVRDIKDSNYQLIW,MNHEY_SMNVEV_CASSLVGSYEQYF
V350087393_L04_595,VLLSHLSYL,HLA-A*02:01,DSAIYN_IQSSQRE_CAVHSGGYQKVTF,MNHEY_SVGAGI_CASRIGLNTEAFF
V350087414_L01_502,SSCMGGMNQR,HLA-A*11:01,DSVNN_IPSGT_CAGREYGNKLVF,SGHTA_FQGTGA_CASSLDQ_NYGYTF
V350087414_L01_504,SSCMGGMNQR,HLA-A*11:01,VTNFRS_LTSSGIE_CAVERSGGGADGLTF,MNHNS_SASEGT_CASSGYTGEAFF
V350087414_L01_505,SSCMGGMNQR,HLA-A*11:01,TSINN_IRSNERE_CATDIDNYGQNFVF,MGHRA_YSYEKL_CASSSPDGITGELFF
V350087414_L01_507,SSCMGGMNQR,HLA-A*11:01,VSNAYN_GSKP_CAVEDRGF_GNTPLVF,GTSNPN_SVGIG_CALGLASLGNEQFF
V350087414_L01_508,SSCMGGMNQR,HLA-A*11:01,VSGNPY_YITGDNLV_CAVRDSRSNYQLIW,SEHNR_FQNEAQ_CASSSSSGGSTDTQYF
V350087414_L01_509,SSCMGGMNQR,HLA-A*11:01,TISGNEY_GLKNN_CIVRPFNDYKLSF,MNHEY_SMNVEV_CASSPPDRSSYEQYF
V350087414_L01_510,SSCMGGMNQR,HLA-A*11:01,TISGNEY_GLKNN_CIVRANRDNYGQNFVF,MNHEY_SMNVEV_CASSFLEDRGETQYF
V350087414_L01_511,SSCMGGMNQR,HLA-A*11:01,DSASNY_IRSNVGE_CAASSDARLMF,SGHDY_FNNNVP_CASYPTLGGYTF
V350087414_L01_513,SSCMGGMNQR,HLA-A*11:01,VSGNPY_YITGDNLV_CAVRDRGE_GADGLTF,MNHEY_SMNVEV_CASSLRNGGAYNEQFF
V350087414_L01_517,SSCMGGMNQR,HLA-A*11:01,DSASNY_IRSNVGE_CAASVDNYGQNFVF,SNHLY_FYNNEI_CASSEARAPDTQYF
V350087414_L01_518,SSCMGGMNQR,HLA-A*11:01,DSVNN_IPSGT_CAVERYGNNRLAF,SGHNS_FNNNVP_CASSFSDSNEKLFF
V350087414_L01_519,SSCMGGMNQR,HLA-A*11:01,NSASDY_IRSNMDK_CAETVSGGYNKLIF,SGHRS_YFSETQ_CASSFVGSGGPFTDTQYF
V350087414_L01_520,SSCMGGMNQR,HLA-A*11:01,NIATNDY_GYKTK_CLVGDFMFSGGYNKLIF,DFQATT_SNEGSKA_CSAREYNEQFF
V350087414_L01_523,SSCMGGMNQR,HLA-A*11:01,YGGTVN_YFSGDPLV_CAVNIGKAAGNKLTF,DFQATT_SNEGSKA_CSARERTVYEQYF
V350087414_L01_524,SSCMGGMNQR,HLA-A*11:01,YSGSPE_HISR_CAPRSGGSNYKLTF,LGHNA_YNFKEQ_CASSPQRPSHYNEQFF
V350087414_L01_529,SSCMGGMNQR,HLA-A*11:01,KALYS_LLKGGEQ_CGSSPGG_GSYQLTF,KGHSH_LQKENI_CASSPAQGVHTDTQYF
V350087414_L01_532,SSCMGGMNQR,HLA-A*11:01,SIFNT_LYKAGEL_CAGHPSGSQGNLIF,MDHEN_SYDVKM_CASSLTSEIREQYF
V350087414_L01_534,SSCMGGMNQR,HLA-A*11:01,DSSSTY_IFSNMDM_CADSDG_RSCSL,MGHRA_YSYEKL_CASSQGGLSDTIYF
V350087414_L01_535,SSCMGGMNQR,HLA-A*11:01,YGATPY_YFSGDTLV_CAVDPFFDYKLSF,SEHNR_FQNEAQ_CASRTGLAGNEQFF
V350087414_L01_536,SSCMGGMNQR,HLA-A*11:01,YGGTVN_YFSGDPLV_CAVTYNQGGKLIF,SQVTM_ANQGSEA_CSILGGSGNTIYF
V350087414_L01_538,SSCMGGMNQR,HLA-A*11:01,TSGFNG_NVLDGL_CAVDTGGFKTIF,SGHRS_YFSETQ_CASSFHPRPNTEAFF
V350087414_L01_542,SSCMGGMNQR,HLA-A*11:01,NSAFQY_TYSSGN_CAMSNAGGTSYGKLTF,SGHVS_FNYEAQ_CASSSRTSGNEQFF
V350087414_L01_543,SSCMGGMNQR,HLA-A*11:01,ATGYPS_ATKADDK_CALSANAGGTSYGKLTF,SEHNR_FQNEAQ_CASSPTSGGVPGELFF
V350087414_L01_544,SSCMGGMNQR,HLA-A*11:01,ATGYPS_ATKADDK_CALSANAGGTSYGKLTF,MNHNY_SVGAGI_CASSYWGTYSARVTEAFF
V350087414_L01_546,SSCMGGMNQR,HLA-A*11:01,VSGNPY_YITGDNLV_CAVRDTRSNYQLIW,SEHNR_FQNEAQ_CASSMSRGGSTDTQYF
V350087414_L01_547,SSCMGGMNQR,HLA-A*11:01,VSPFSN_MTFSENT_CVVTINQAGTALIF,SGHNS_FNNNVP_CASSSGQGIGQETQYF
V350087414_L01_557,SSCMGGMNQR,HLA-A*11:01,DSSSTY_IFSNMDM_CAEITGGGADGLTF,MNHEY_SVGAGI_CASSAGERTEAFF
V350087414_L01_559,SSCMGGMNQR,HLA-A*11:01,ATGYPS_ATKADDK_CALRGGATNKLIF,SEHNR_FQNEAQ_CASASSGYQETQYF
V350087414_L01_561,SSCMGGMNQR,HLA-A*11:01,NYSPAY_IRENEKE_CALDVGGTH_GGGNKLTF,ENHRY_SYGVKD_CAISESDYSNQPQHF
V350087414_L01_564,SSCMGGMNQR,HLA-A*11:01,NSASDY_IRSNMDK_CAEPPNNAGNMLTF,MGHRA_YSYEKL_CASSFLGYNEQFF
V350087414_L01_567,SSCMGGMNQR,HLA-A*11:01,TSINN_IRSNERE_CAHAGGTSYGKLTF,SQVTM_ANQGSEA_CSVEVSGQRPYEQYF
V350087414_L01_568,SSCMGGMNQR,HLA-A*11:01,TISGNEY_GLKNN_CIEGSWGKLQF,SGHNS_FNNNVP_CASSLDQYNEQFF
V350087414_L01_569,SSCMGGMNQR,HLA-A*11:01,SSVSVY_YLSGSTLV_CAVSSFNTGGFKTIF,KGHDR_SFDVKD_CATSDTEQGWYEQFF
V350087414_L01_571,SSCMGGMNQR,HLA-A*11:01,DSASNY_IRSNVGE_CAAPPMNSGGYQKVTF,LNHDA_SQIVND_CASSISGGSYNEQFF
V350087414_L01_572,SSCMGGMNQR,HLA-A*11:01,DSASNY_IRSNVGE_CAAPPMNSGGYQKVTF,MGHRA_YSYEKL_CASSQVKQGFDEQYF
V350087414_L01_574,SSCMGGMNQR,HLA-A*11:01,SSVPPY_YTSAATLV_CAVRAYSSASKIIF,MDHEN_SYDVKM_CASSRSSGNEQFF
V350087414_L01_575,SSCMGGMNQR,HLA-A*11:01,DRGSQS_IYSNGD_CAALPGGKLIF,SGHDY_FNNNVP_CASSFSGEAFF
V350087414_L01_576,SSCMGGMNQR,HLA-A*11:01,DSAIYN_IQSSQRE_CAGLEYGNKLVF,SGHDT_YYEEEE_CASSMAYEQYF
V350087414_L01_577,SSCMGGMNQR,HLA-A*11:01,NSMFDY_ISSIKDK_CAASEEASYDKVIF,SGHDT_YYEEEE_CASSLDRGVYYNEQFF
V350087414_L01_579,SSCMGGMNQR,HLA-A*11:01,VSGLRG_LYSAGEE_CAVPSLASGGYNKLIF,LNHDA_SQIVND_CASLPGPNSPLHF
V350087414_L01_581,SSCMGGMNQR,HLA-A*11:01,DSAIYN_IQSSQRE_CAVRPTGNQFYF,MNHNS_SASEGT_CASSQPYTGELFF
V350087414_L01_582,SSCMGGMNQR,HLA-A*11:01,TTSDR_LLSNGAV_CAVDRFGNEKLTF,SGHRS_YFSETQ_CASSPDTPTGELFF
V350087414_L01_583,SSCMGGMNQR,HLA-A*11:01,DRGSQS_IYSNGD_CAVEYWS_NSKLTF,MNHEY_SMNVEV_CASSPGPRGYEQYF
V350087414_L01_584,SSCMGGMNQR,HLA-A*11:01,DSAIYN_IQSSQRE_CAIYGGATNKLIF,SNHLY_FYNNEI_CASSRTGTSSYEQYF
V350087414_L01_586,SSCMGGMNQR,HLA-A*11:01,YGATPY_YFSGDTLV_CAVGFYNQGGKLIF,MNHEY_SMNVEV_CASSLMGGETQYF
V350087414_L01_587,SSCMGGMNQR,HLA-A*11:01,YGATPY_YFSGDTLV_CAVGFYNQGGKLIF,SNHLY_FYNNEI_CASSVSWLAGEGTVADEQFF
V350087414_L01_588,SSCMGGMNQR,HLA-A*11:01,NSASDY_IRSNMDK_CADGYQKVTF,LNHDA_SQIVND_CAAGDYTGELFF
V350087414_L01_589,SSCMGGMNQR,HLA-A*11:01,NIATNDY_GYKTK_CLVGDNGKAAGNKLTF,SGHNT_YYREEE_CASSPPEAGALYEQYF
V350087414_L01_590,SSCMGGMNQR,HLA-A*11:01,NSASDY_IRSNMDK_CAETPPP_YDKVIF,DFQATT_SNEGSKA_CSARDLGGLAGGVGETQYF
V350087414_L01_591,SSCMGGMNQR,HLA-A*11:01,MGHRA_YSYEKL_CASSAGGRLNEQFF,SGHDY_FNNNVP_CASSSPGQEQFF
V350087414_L01_592,SSCMGGMNQR,HLA-A*11:01,DSASNY_IRSNVGE_CAATGGGGSNYKLTF,MGHRA_YSYEKL_CASSAGGRLNEQFF
V350087414_L01_594,SSCMGGMNQR,HLA-A*11:01,NSMFDY_ISSIKDK_CAASANQGAQKLVF,SQVTM_ANQGSEA_CSVDRDRGNYGYTF
V350087414_L01_595,SSCMGGMNQR,HLA-A*11:01,SSVPPY_YTSAATLV_WQRTSYDKVIF,SQVTM_ANQGSEA_CSVAGLAGRVPDTQYF
V350087414_L02_501,SSCMGGMNQR,HLA-A*11:01,DSASNY_IRSNVGE_CAASRGSSASKIIF,MNHEY_SMNVEV_CASRDLPGVSTDTQYF
V350087414_L02_502,SSCMGGMNQR,HLA-A*11:01,TSDPSYG_QGSYDQQN_CAMREKGSARQLTF,PRHDT_FYEKMQ_CASSSTPGRSETQYF
V350087414_L02_507,SSCMGGMNQR,HLA-A*11:01,DSAIYN_IQSSQRE_CAGGYNAGNMLTF,MNHNY_SVGAGI_CASSYSNLRDRGFPGELFF
V350087414_L02_509,SSCMGGMNQR,HLA-A*11:01,NIATNDY_GYKTK_CLVGDRLIDSNYQLIW,SGHNT_YYREEE_CASSSGPGTYNSPLHF
V350087414_L02_513,SSCMGGMNQR,HLA-A*11:01,NSAFQY_TYSSGN_CAMSPLQGGADGLTF,LNHNV_YYDKDF_CATREGLGAYEQFF
V350087414_L02_518,SSCMGGMNQR,HLA-A*11:01,TISGNEY_GLKNN_CIVRVGGNQFYF,KGHDR_SFDVKD_CATSDLETGDQETQYF
V350087414_L02_520,SSCMGGMNQR,HLA-A*11:01,KTLYG_LQKGGEE_CGADIFYQAGTALIF,LNHDA_SQIVND_CASSIGARGAFF
V350087414_L02_525,SSCMGGMNQR,HLA-A*11:01,NSMFDY_ISSIKDK_CAAFGGAQKLVF,SGHNT_YENEEA_CASSYRQIPYEQYF
V350087414_L02_526,SSCMGGMNQR,HLA-A*11:01,NSMFDY_ISSIKDK_CAARYGQNFVF,LGHDT_YNNKEL_CASSQGLGTETQYF
V350087414_L02_527,SSCMGGMNQR,HLA-A*11:01,TSINN_IRSNERE_CATEEYGNKLVF,GTSNPN_SVGIG_CAWRGDLSYNEQFF
V350087414_L02_531,SSCMGGMNQR,HLA-A*11:01,TRDTTYY_RNSFDEQN_CALSEDGDDKIIF,KGHSY_FQNENV_CASSPPLAGGPNEQFF
V350087414_L02_538,SSCMGGMNQR,HLA-A*11:01,DSSSTY_IFSNMDM_CAVVRSNDYKLSF,SQVTM_ANQGSEA_CSATTVGYNEQFF
V350087414_L02_539,SSCMGGMNQR,HLA-A*11:01,VGISA_LSSGK_CAVRSGYGGSQGNLIF,SGHNS_FNNNVP_CASRNGQTGDGYTF
V350087414_L02_540,SSCMGGMNQR,HLA-A*11:01,SVFSS_VVTGGEV_CAGDPLGGNTPLVF,GTSNPN_SVGIG_CAWSGVRVGYEQYF
V350087414_L02_542,SSCMGGMNQR,HLA-A*11:01,NSAFQY_TYSSGN_CAMSGDAGKSTF,MDHEN_SYDVKM_CASSFGGTSGSSYNEQFF
V350087414_L02_545,SSCMGGMNQR,HLA-A*11:01,VGISA_LSSGK_CAVRFPDKLIF,KGHDR_SFDVKD_CATSGRADFYNEQFF
V350087414_L02_546,SSCMGGMNQR,HLA-A*11:01,DSASNY_IRSNVGE_CAAPQEE_ADGLTF,SGHRS_YFSETQ_CASSLRQGAQNTEAFF
V350087414_L02_549,SSCMGGMNQR,HLA-A*11:01,NIATNDY_GYKTK_CLVVPDNYGQNFVF,PRHDT_FYEKMQ_CASSRDWHQETQYF
V350087414_L02_551,SSCMGGMNQR,HLA-A*11:01,DSASNY_IRSNVGE_CAAAMGNQGGKLIF,MNHEY_SMNVEV_CASSLFGVSNQPQHF
V350087414_L02_552,SSCMGGMNQR,HLA-A*11:01,TSGFNG_NVLDGL_CAVRDIPGGGNKLTF,KAHSY_FQNEEL_CASKATGAMNTEAFF
V350087414_L02_553,SSCMGGMNQR,HLA-A*11:01,TSINN_IRSNERE_CATDNQAGTALIF,SGHNS_FNNNVP_CASSLWNEDEQYF
V350087414_L02_555,SSCMGGMNQR,HLA-A*11:01,TTLSN_LVKSGEV_CAEGEAGTALIF,SEHNR_FQNEAQ_CASSLVSGYYGYTF
V350087414_L02_556,SSCMGGMNQR,HLA-A*11:01,NIATNDY_GYKTK_CLVGSPGGFKTIF,SGHRS_YFSETQ_CASSSPQDRRGTEAFF
V350087414_L02_557,SSCMGGMNQR,HLA-A*11:01,NSAFQY_TYSSGN_CAMSLYSSASKIIF,LNHDA_SQIVND_CASSPGEEDTQYF
V350087414_L02_558,SSCMGGMNQR,HLA-A*11:01,VSNAYN_GSKP_CASSFTGGGNKLTF,MGHRA_YSYEKL_CASSDSGTYNEQFF
V350087414_L02_561,SSCMGGMNQR,HLA-A*11:01,DSSSTY_IFSNMDM_PNTDKLIF,KAHSY_FQNEEL_CASSAGHGNTGELFF
V350087414_L02_563,SSCMGGMNQR,HLA-A*11:01,TSGFYG_NALDGL_CAVRIIEAGTALIF,MDHEN_SYDVKM_CASSLSISAGPDGEQFF
V350087414_L02_564,SSCMGGMNQR,HLA-A*11:01,SSVSVY_YLSGSTLV_CAVREVNARLMF,LNHDA_SQIVND_CASSIG*_NQPQHF
V350087414_L03_505,SSCMGGMNQR,HLA-A*11:01,SSVSVY_YLSGSTLV_CAVSDPLFSGGYNKLIF,MGHRA_YSYEKL_CASSHVTRSDEQFF
V350087414_L03_506,SSCMGGMNQR,HLA-A*11:01,VSGNPY_YITGDNLV_CAVRDRVEGNNRLAF,MDHEN_SYDVKM_CASSSGQRGETQYF
V350087414_L03_507,SSCMGGMNQR,HLA-A*11:01,DSAIYN_IQSSQRE_CAVMWTGRTQGGSEKLVF,SGHRS_YFSETQ_CASSFHPRPNTEAFF
V350087414_L03_509,SSCMGGMNQR,HLA-A*11:01,TRDTTYY_RNSFDEQN_CALREGSNYQLIW,MNHNY_SVGAGI_CASSEPMTSTIDEQFF
V350087414_L03_510,SSCMGGMNQR,HLA-A*11:01,SSYSPS_YTSAATLV_CVVTPLGDKIIF,SGHRS_YFSETQ_CASSLGGLGVGTEAFF
V350087414_L03_511,SSCMGGMNQR,HLA-A*11:01,SSYSPS_YTSAATLV_CVVISGNTPLVF,SGHRS_YFSETQ_CASSLGGL_GVGTEAFF
V350087414_L03_512,SSCMGGMNQR,HLA-A*11:01,NSMFDY_ISSIKDK_CAASGNQFYF,SGHTA_FQGNSA_CASSLVGGNQPQHF
V350087414_L03_513,SSCMGGMNQR,HLA-A*11:01,SSNFYA_MTLNGDE_CAFRQLGTDKLIF,LGHDT_YNNKEL_CASSHPWTGRMNTEAFF
V350087414_L03_514,SSCMGGMNQR,HLA-A*11:01,VSGLRG_LYSAGEE_CAVQAPHLTGGGNKLTF,DFQATT_SNEGSKA_CSASDTRWSYEQYF
V350087414_L03_517,SSCMGGMNQR,HLA-A*11:01,YGATPY_YFSGDTLV_CAVGAGL_GMCCIA,MNHEY_SVGAGI_CASSYGYEQYF
V350087414_L03_519,SSCMGGMNQR,HLA-A*11:01,DSVNN_IPSGT_CAVGANAGKSTF,KAHSY_FQNEEL_CAKHRGD_FYGYTF
V350087414_L03_520,SSCMGGMNQR,HLA-A*11:01,SGDLS_YYNGEE_CASSYQGLSPLHF,SGHTA_FQGTGA_CASSLGHPSYNEQFF
V350087414_L03_521,SSCMGGMNQR,HLA-A*11:01,YGATPY_YFSGDTLV_CAVAYTTSGTYKYIF,SGDLS_YYNGEE_CASSYQGLSPLHF
V350087414_L03_526,SSCMGGMNQR,HLA-A*11:01,YGATPY_YFSGDTLV_CAAKRNTGNQFYF,MNHNS_SASEGT_CASSGGLAVYNEQFF
V350087414_L03_528,SSCMGGMNQR,HLA-A*11:01,TSDPSYG_QGSYDQQN_CAMNGNEKLTF,SGHNT_YENEEA_CASSPIWAPNNEQFF
V350087414_L03_532,SSCMGGMNQR,HLA-A*11:01,NIATNDY_GYKTK_CLLYSGNTPLVF,SGHDN_FVKESK_CASSQGAFHEQYF
V350087414_L03_534,SSCMGGMNQR,HLA-A*11:01,TTLSN_LVKSGEV_CAGTRTASKLTF,SGHDT_YYEEEE_CASSWGFYNEQFF
V350087414_L03_537,SSCMGGMNQR,HLA-A*11:01,TSGFYG_NALDGL_CAALDSNYQLIW,MNHNS_SASEGT_CASSRPGQSNEAFF
V350087414_L03_540,SSCMGGMNQR,HLA-A*11:01,ATGYPS_ATKADDK_CALSDRG_GSEKLVF,SGHTA_FQGNSA_CASSLDWGLGTDTQYF
V350087414_L03_541,SSCMGGMNQR,HLA-A*11:01,DSASNY_IRSNVGE_CGGEYGNKLVF,LGHNA_YNFKEQ_CASSQWGTANTEAFF
V350087414_L03_543,SSCMGGMNQR,HLA-A*11:01,TSGFYG_NALDGL_CAVSSNTGKLIF,MNHEY_SVGAGI_CASRQGNQPQHF
V350087414_L03_544,SSCMGGMNQR,HLA-A*11:01,NSMFDY_ISSIKDK_CAASPSGQNFVF,DFQATT_SNEGSKA_CSARTTSGSYEQYF
V350087414_L03_545,SSCMGGMNQR,HLA-A*11:01,VTNFRS_LTSSGIE_CAVDRSRQLTF,SGHRS_YFSETQ_CASSSDLYEQYF
V350087414_L03_547,SSCMGGMNQR,HLA-A*11:01,TISGNEY_GLKNN_CIAVTT_NKFYF,LGHDT_YNNKEL_CASSLQTGEGYTF
V350087414_L03_548,SSCMGGMNQR,HLA-A*11:01,VSGNPY_YITGDNLV_CAVLSGTYKYIF,MNHEY_SMNVEV_CASSLFAGGTDTQYF
V350087414_L03_568,SSCMGGMNQR,HLA-A*11:01,SSNFYA_MTLNGDE_CAFWGGADGLTF,SNHLY_FYNNEI_CASSRQGKYTEAFF
V350087414_L03_569,SSCMGGMNQR,HLA-A*11:01,DSASNY_IRSNVGE_CAASLDSNYQLIW,MDHEN_SYDVKM_CASSLIPRAVDEQYF
V350087414_L03_573,SSCMGGMNQR,HLA-A*11:01,TSINN_IRSNERE_CATDFNKFYF,KGHSH_LQKENI_CASSRTASYEQYF
V350087414_L03_574,SSCMGGMNQR,HLA-A*11:01,TSESDYY_QEAYKQQN_CAYRSPLSNFGNEKLTF,WSHSY_SAAADI_CASSGVRGPYSNQPQHF
V350087414_L03_575,SSCMGGMNQR,HLA-A*11:01,NSMFDY_ISSIKDK_CAAKGSTLGRLYF,MNHEY_SMNVEV_CASSPGTSGSYEQYF
V350087414_L03_578,SSCMGGMNQR,HLA-A*11:01,TSDQSYG_QGSYDEQN_CAMRGPGGGRRALTF,MNHEY_SVGAGI_CASSRDREFQETQYF
V350087414_L03_581,SSCMGGMNQR,HLA-A*11:01,NSASDY_IRSNMDK_CAVVSGGGADGLTF,MDHEN_SYDVKM_CASSVSPLNPNEKLFF
V350087414_L03_582,SSCMGGMNQR,HLA-A*11:01,NSASDY_IRSNMDK_CAVVSGGGADGLTF,MDHEN_SYDVKM_CASSVSPLNPNEKLFF
V350087414_L03_583,SSCMGGMNQR,HLA-A*11:01,SVFSS_VVTGGEV_CAGARASGSRLTF,SGDLS_YYNGEE_CASSVVGWYGYTF
V350087414_L03_584,SSCMGGMNQR,HLA-A*11:01,DSVNN_IPSGT_CAVDESGGGADGLTF,SGHNT_YYREEE_CASSFSRDPSTDTQYF
V350087414_L03_588,SSCMGGMNQR,HLA-A*11:01,SSVSVY_YLSGSTLV_CAVTFSGNTGKLIF,GTSNPN_SVGIG_CAWRSYTEAFF
V350087414_L03_589,SSCMGGMNQR,HLA-A*11:01,TTSDR_LLSNGAV_CAGATIG_LGMCCIA,SGHVS_FNYEAQ_CASSSYGLTSNNEQFF
V350087414_L03_591,SSCMGGMNQR,HLA-A*11:01,NSAFQY_TYSSGN_CAMSTGQNFVF,SGHTS_YDEGEE_CASSSGLDSNQPQHF
V350087414_L03_592,SSCMGGMNQR,HLA-A*11:01,SSNFYA_MTLNGDE_CASPTGTASKLTF,DFQATT_SNEGSKA_CSATKTGASNQPQHF
V350087414_L03_594,SSCMGGMNQR,HLA-A*11:01,DSAIYN_IQSSQRE_CAVNEGGGFKTIF,SGHKS_YYEKEE_CASSLNGLAGRTGELFF
V350087414_L03_596,SSCMGGMNQR,HLA-A*11:01,DSASNY_IRSNVGE_CATPWGAGSYQLTF,LNHDA_SQIVND_CASSMSARHTDTQYF
V350087414_L04_501,SSCMGGMNQR,HLA-A*11:01,VGISA_LSSGK_CAVAASETSGSRLTF,KGHDR_SFDVKD_CATSDLVGNEQFF
V350087414_L04_502,SSCMGGMNQR,HLA-A*11:01,YGATPY_YFSGDTLV_CAVGHLMGARLMF,MDHEN_SYDVKM_CASSSPRQEEEETQYF
V350087414_L04_504,SSCMGGMNQR,HLA-A*11:01,NSMFDY_ISSIKDK_CAASGKISNFGNEKLTF,KGHDR_SFDVKD_CATQPGQTDTQYF
V350087414_L04_507,SSCMGGMNQR,HLA-A*11:01,NSASDY_IRSNMDK_CAENNPRDDKIIF,MGHRA_YSYEKL_CASSQRLPGVDYNEQFF
V350087414_L04_508,SSCMGGMNQR,HLA-A*11:01,DSASNY_IRSNVGE_CAAGANFNKFYF,SGHDY_FNNNVP_CASRPGTSGELQETQYF
V350087414_L04_510,SSCMGGMNQR,HLA-A*11:01,MNHEY_SMNVEV_CASSLTPGTGPINYGYTF,SGHRS_YFSETQ_CASRSGQYNSPLHF
V350087414_L04_511,SSCMGGMNQR,HLA-A*11:01,VSGNPY_YITGDNLV_CAVRDRDSGYALNF,MNHEY_SMNVEV_CASSLTPGTGPINYGYTF
V350087414_L04_513,SSCMGGMNQR,HLA-A*11:01,SSNFYA_MTLNGDE_CASHSGAGSYQLTF,LNHDA_SQIVND_CASSIGAASNNEQFF
V350087414_L04_514,SSCMGGMNQR,HLA-A*11:01,SSNFYA_MTLNGDE_CAFGAYGGSQGNLIF,SGDLS_YYNGEE_CASSVAGEQFF
V350087414_L04_516,SSCMGGMNQR,HLA-A*11:01,SQVTM_ANQGSEA_CSVEERG_DNYGYTF,MGHRA_YSYEKL_CASSPEWAGSYNEQFF
V350087414_L04_517,SSCMGGMNQR,HLA-A*11:01,SVFSS_VVTGGEV_CAGVRDDKIIF,SQVTM_ANQGSEA_CSVGGLAYNEQFF
V350087414_L04_518,SSCMGGMNQR,HLA-A*11:01,DSVNN_IPSGT_CAVDINNDMRF,DFQATT_SNEGSKA_CSARSSDRHEQYF
V350087414_L04_521,SSCMGGMNQR,HLA-A*11:01,TSESDYY_QEAYKQQN_CAYTNRDDKIIF,MGHDK_SYGVNS_CASTQGKDEQYF
V350087414_L04_524,SSCMGGMNQR,HLA-A*11:01,VSGLRG_LYSAGEE_CAVPLGDLWGSNYKLTF,SGDLS_YYNGEE_CASSVGDREGLYGYTF
V350087414_L04_526,SSCMGGMNQR,HLA-A*11:01,YGGTVN_YFSGDPLV_CAVNRDTGNQFYF,LNHDA_SQIVND_CASSIPRLAKNIQYF
V350087414_L04_530,SSCMGGMNQR,HLA-A*11:01,TSESDYY_QEAYKQQN_CAYTNRDDKIIF,SGHDT_YYEEEE_CASSLIGLQNTGELFF
V350087414_L04_532,SSCMGGMNQR,HLA-A*11:01,SNHLY_FYNNEI_CASRRD*RE_EGQETQYF,LNHDA_SQIVND_CASSIGQGHYEQYF
V350087414_L04_533,SSCMGGMNQR,HLA-A*11:01,DSASNY_IRSNVGE_CAAIPSYQLIW,LNHDA_SQIVND_CASSTGTGGFTEAFF
V350087414_L04_534,SSCMGGMNQR,HLA-A*11:01,TTLSN_LVKSGEV_CAATSTLSNFGNEKLTF,MNHEY_SVGAGI_CASSADEGSSYNEQFF
V350087414_L04_538,SSCMGGMNQR,HLA-A*11:01,SSNFYA_MTLNGDE_CASPTGNQFYF,MNHEY_SVGAGI_CASRRQGSYEQYF
V350087414_L04_540,SSCMGGMNQR,HLA-A*11:01,TSGFNG_NVLDGL_CALYGGATNKLIF,MDHEN_SYDVKM_CASSLTGVLYGYTF
V350087414_L04_542,SSCMGGMNQR,HLA-A*11:01,TSESDYY_QEAYKQQN_CAYSNRNSGYALNF,MDHEN_SYDVKM_CASSKDRLPIEQYF
V350087414_L04_544,SSCMGGMNQR,HLA-A*11:01,TSGFNG_NVLDGL_CAVRDSNYQLIW,MNHEY_SVGEGT_CASSYDGSGANVLTF
V350087414_L04_545,SSCMGGMNQR,HLA-A*11:01,TSGFNG_NVLDGL_CAVRDSNYQLIW,MNHEY_SVGEGT_CASSYDGSGANVLTF
V350087414_L04_546,SSCMGGMNQR,HLA-A*11:01,YGATPY_YFSGDTLV_CAVGADSWGKLQF,PRHDT_FYEKMQ_CASSSGLAGGLLSYNEQFF
V350087414_L04_547,SSCMGGMNQR,HLA-A*11:01,TSGFNG_NVLDGL_CAVYRDDKIIF,SGDLS_YYNGEE_CASTPPGNPYEQYF
V350087414_L04_551,SSCMGGMNQR,HLA-A*11:01,TSGFNG_NVLDGL_CAVRDSNYQLIW,MNHEY_SVGEGT_CASSYDGSGANVLTF
V350087414_L04_552,SSCMGGMNQR,HLA-A*11:01,TSGFNG_NVLDGL_CAVTDYKLSF,LGHDT_YNNKEL_CASSQRLAGAYNEQFF
V350087414_L04_555,SSCMGGMNQR,HLA-A*11:01,SSNFYA_MTLNGDE_CAPYTGNQFYF,LNHDA_SQIVND_CASGTGGIYEQYF
V350087414_L04_556,SSCMGGMNQR,HLA-A*11:01,TSGFNG_NVLDGL_CAVRDGDNARLMF,MNHEY_SVGAGI_CASSYSRDYTEAFF
V350087414_L04_557,SSCMGGMNQR,HLA-A*11:01,NSASDY_IRSNMDK_CAEKGNQFYF,ENHRY_SYGVKD_CAISDGTSGKETQYF
V350087414_L04_559,SSCMGGMNQR,HLA-A*11:01,SSVPPY_YTTGATLV_CAVTNTGTASKLTF,SGHNT_YYREEE_CASSSSGLAGRTDTQYF
V350087414_L04_561,SSCMGGMNQR,HLA-A*11:01,ENHRY_SYGVKD_CAIGTEAGTEAFF,LNHNV_YYDKDF_CATSTGSREQYF
V350087414_L04_563,SSCMGGMNQR,HLA-A*11:01,DRGSQS_IYSNGD_CAVPNTGNQFYF,MNHEY_SMNVEV_CASRIGGDTEAFF
V350087414_L04_568,SSCMGGMNQR,HLA-A*11:01,DRGSQS_IYSNGD_CAVKNNQGGKLIF,KGHDR_SFDVKD_CATSHHRVYGYTF
V350087414_L04_570,SSCMGGMNQR,HLA-A*11:01,TSGFNG_NVLDGL_CAVMDSNYQLIW,MRHNA_SNTAGT_CASSLEGLNSPLHF
V350087414_L04_571,SSCMGGMNQR,HLA-A*11:01,DSSSTY_IFSNMDM_CAERSGGSYIPTF,SGHNT_YYREEE_CAGGELPGQGAPDNEQFF
V350087414_L04_576,SSCMGGMNQR,HLA-A*11:01,TSDPSYG_QGSYDQQN_CAIDGATNKLIF,SNHLY_FYNNEI_CASSEKGLAGSYTDTQYF
V350087414_L04_577,SSCMGGMNQR,HLA-A*11:01,VSGLRG_LYSAGEE_CAVQDSRANSKLTF,LGHNA_YSLEER_CASSALREGTEAFF
V350087414_L04_580,SSCMGGMNQR,HLA-A*11:01,MDHEN_SYDVKM_CASSPTLA_GAPDTQYF,MDHEN_SYDVKM_CASSPTLAGGSDTQYF
V350087414_L04_583,SSCMGGMNQR,HLA-A*11:01,SSNFYA_MTLNGDE_CAGDKLIF,LNHDA_SQIVND_CASTPQGANTEAFF
V350087414_L04_586,SSCMGGMNQR,HLA-A*11:01,TSESDYY_QEAYKQQN_CAYTNRDDKIIF,SGHDT_YYEEEE_CASSLIGLQNTGELFF
V350087414_L04_592,SSCMGGMNQR,HLA-A*11:01,SSNFYA_MTLNGDE_CAFITGNQFYF,LNHDA_SQIVND_CATGTGGPNEQFF
V350087414_L04_593,SSCMGGMNQR,HLA-A*11:01,SSNFYA_MTLNGDE_CAFITGNQFYF,LNHDA_SQIVND_CATGTGGPNEQFF
V350087414_L04_594,SSCMGGMNQR,HLA-A*11:01,KALYS_LLKGGEQ_CGGGYQKVTF,ENHRY_SYGVKD_CAISYRGGAEAEQYF
V350087414_L04_595,SSCMGGMNQR,HLA-A*11:01,NYSPAY_IRENEKE_CALVNSGYALNF,SQVTM_ANQGSEA_CSVEEWTSGGARETQYF
V350087584_L01_502,SSCMGGMNQR,HLA-A*11:01,DSASNY_IRSNVGE_CAASIRPMGTASKLTF,MDHEN_SYDVKM_CASSLRGVALVVEQYF
V350087584_L01_503,SSCMGGMNQR,HLA-A*11:01,NSAFQY_TYSSGN_CAMKAGNQFYF,MNHEY_SVGEGT_CASRIGPEAFF
V350087584_L01_504,SSCMGGMNQR,HLA-A*11:01,DSAIYN_IQSSQRE_CAVPNNAGNMLTF,MNHEY_SVGEGT_CASRIGPEAFF
V350087584_L01_505,SSCMGGMNQR,HLA-A*11:01,MGHRA_YSYEKL_CASSQDREKQFF,LNHDA_SQIVND_CASSILTGFYGYTF
V350087584_L01_506,SSCMGGMNQR,HLA-A*11:01,TSINN_IRSNERE_CATDAGTYKYIF,MGHRA_YSYEKL_CASSQDREKQFF
V350087584_L01_508,SSCMGGMNQR,HLA-A*11:01,VGISA_LSSGK_SIRVYME_SQGNLIF,SGHRS_YFSETQ_CASSLAGGNNEQFF
V350087584_L01_509,SSCMGGMNQR,HLA-A*11:01,SSYSPS_YTSAATLV_CVVSDRGDMRF,SGHVS_FQNEAQ_CASSPWEGARSEQYF
V350087584_L01_513,SSCMGGMNQR,HLA-A*11:01,TTLSN_LVKSGEV_CAEFSGSARQLTF,MNHEY_SMNVEV_CASSHGRLDVLTF
V350087584_L01_517,SSCMGGMNQR,HLA-A*11:01,NSAFQY_TYSSGN_CAMSAYNNNDMRF,LGHDT_YNNKEL_CASSQDIGSNQPQHF
V350087584_L01_518,SSCMGGMNQR,HLA-A*11:01,NSAFQY_TYSSGN_CAMSEGNMLTF,SQVTM_ANQGSEA_CSVDAPSGANVLTF
V350087584_L01_520,SSCMGGMNQR,HLA-A*11:01,NIATNDY_GYKTK_CLVDVSGGYNKLIF,MGHRA_YSYEKL_CASSQGQGTNTGELFF
V350087584_L01_521,SSCMGGMNQR,HLA-A*11:01,DSSSTY_IFSNMDM_CAESLEFS_MARSCSL,MGHDK_SYGVNS_CASSEGGTDTQYF
V350087584_L01_523,SSCMGGMNQR,HLA-A*11:01,TTLSN_LVKSGEV_FGNEKLTF,SGHTA_FQGNSA_CASSFGTGSLYEQYF
V350087584_L01_526,SSCMGGMNQR,HLA-A*11:01,YGATPY_YFSGDTLV_CARQYNAGNMLTF,PRHDT_FYEKMQ_CASSPTSGLYNEQFF
V350087584_L01_528,SSCMGGMNQR,HLA-A*11:01,NSASDY_IRSNMDK_CAETDAGNMLTF,SGDLS_YYNGEE_CASSANNEQFF
V350087584_L01_529,SSCMGGMNQR,HLA-A*11:01,SSVSVY_YLSGSTLV_CAVSDGYNTDKLIF,SGHTA_FQGTGA_CASSLGV_YYNEQFF
V350087584_L01_530,SSCMGGMNQR,HLA-A*11:01,YGGTVN_YFSGDPLV_CAVNLRYGGATNKLIF,DFQATT_SNEGSKA_CSATDRVSTDTQYF
V350087584_L01_534,SSCMGGMNQR,HLA-A*11:01,TSGFNG_NVLDGL_CATHNARLMF,MNHNS_SASEGT_CATEDGYSNQPQHF
V350087584_L01_535,SSCMGGMNQR,HLA-A*11:01,DSAIYN_IQSSQRE_CAVNNAGNMLTF,SGHRS_YFSETQ_CASSLKGGANVLTF
V350087584_L01_536,SSCMGGMNQR,HLA-A*11:01,VSPFSN_MTFSENT_CVVSGGAGGGNKLTF,LNHDA_SQIVND_CASSVKEDYGYTF
V350087584_L01_540,SSCMGGMNQR,HLA-A*11:01,VSGNPY_YITGDNLV_CAVRDRTGNTPLVF,SEHNR_FQNEAQ_CASSPTAG*AFF
V350087584_L01_541,SSCMGGMNQR,HLA-A*11:01,ENHRY_SYGVKD_CAIRVRGYGYTF,SGHTS_YDEGEE_CASSLEERDSPLHF
V350087584_L01_543,SSCMGGMNQR,HLA-A*11:01,TSESDYY_QEAYKQQN_CAYDMNYGGSQGNLIF,MNHNS_SASEGT_CASSETAGDYSNQPQHF
V350087584_L01_544,SSCMGGMNQR,HLA-A*11:01,DSSSTY_IFSNMDM_CAESPRSYKLIF,LGHNA_YNFKEQ_CASSQDQGGYNTGELFF
V350087584_L01_546,SSCMGGMNQR,HLA-A*11:01,DSASNY_IRSNVGE_CAASIGSGGGADGLTF,LGHNA_YNFKEQ_CASSPPSGGASGELFF
V350087584_L01_553,SSCMGGMNQR,HLA-A*11:01,TSGFNG_NVLDGL_CAVSPSNDYKLSF,SGHTA_FQGNSA_CASSPRDSYEQYF
V350087584_L01_554,SSCMGGMNQR,HLA-A*11:01,NSASDY_IRSNMDK_CAENDSGYSTLTF,SNHLY_FYNNEI_CASSEAGPTEQYF
V350087584_L01_555,SSCMGGMNQR,HLA-A*11:01,TSINN_IRSNERE_CATDAGNQFYF,LGHDT_YNNKEL_CASSHEPGPYNEQFF
V350087584_L01_556,SSCMGGMNQR,HLA-A*11:01,TSDPSYG_QGSYDQQN_CAMRGVNARLMF,MNHEY_SVGAGI_CASSYFTRGDNQPQHF
V350087584_L01_557,SSCMGGMNQR,HLA-A*11:01,NSAFQY_TYSSGN_CAMEGQNFVF,MNHEY_SMNVEV_CATRGVGPDTQYF
V350087584_L01_558,SSCMGGMNQR,HLA-A*11:01,DRGSQS_IYSNGD_CAVSYMEYGNKLVF,SQVTM_ANQGSEA_CSVAPLNTGELFF
V350087584_L01_559,SSCMGGMNQR,HLA-A*11:01,SSVSVY_YLSGSTLV_CAVTILTGGGNKLTF,LNHDA_SQIVND_CASTTGIYSGANVLTF
V350087584_L01_560,SSCMGGMNQR,HLA-A*11:01,VSGNPY_YITGDNLV_CAVRPTDSWGKLQF,MNHEY_SVGEGT_CASAVGPGANVLTF
V350087584_L01_562,SSCMGGMNQR,HLA-A*11:01,VSGNPY_YITGDNLV_CAVRDRTGNTPLVF,SEHNR_FQNEAQ_CASSPTAGEAFF
V350087584_L01_563,SSCMGGMNQR,HLA-A*11:01,TSINN_IRSNERE_CATDGDTGRRALTF,SGDLS_YYNGEE_CASSVFPGRSDGYTF
V350087584_L02_501,SSCMGGMNQR,HLA-A*11:01,TSENNYY_QEAYKQQN_CAFMNGANSGYALNF,GTSNPN_SVGIG_CAWSTPTGANTEAFF
V350087584_L02_502,SSCMGGMNQR,HLA-A*11:01,TISGNEY_GLKNN_CIVRGGGYQKVTF,SEHNR_FQNEAQ_CASTLRGLAGRYQETQYF
V350087584_L02_505,SSCMGGMNQR,HLA-A*11:01,LNHDA_SQIVND_CASKAG_NQPQHF,SGHDY_FNNNVP_CASSSSPSGYNEQFF
V350087584_L02_506,SSCMGGMNQR,HLA-A*11:01,DRGSQS_IYSNGD_CAVNQAGNTPLVF,SGDLS_YYNGEE_CASSAGAGDQPQHF
V350087584_L02_507,SSCMGGMNQR,HLA-A*11:01,NSASDY_IRSNMDK_CAEPWPTNFNKFYF,LNHDA_SQIVND_CASSSSDRSSYEQYF
V350087584_L02_508,SSCMGGMNQR,HLA-A*11:01,SSNFYA_MTLNGDE_CASPVSD_ARSCSL,LGHDT_YNNKEL_CASSQGSSSYEQYF
V350087584_L02_509,SSCMGGMNQR,HLA-A*11:01,VSPFSN_MTFSENT_CVVFLRNRDDKIIF,SGHVS_FNYEAQ_CASSFWGQETQYF
V350087584_L02_513,SSCMGGMNQR,HLA-A*11:01,DRGSQS_IYSNGD_CAVKPLFNAGGTSYGKLTF,SGHTA_FQGNSA_CASSFHSRGRGSYEQYF
V350087584_L02_515,SSCMGGMNQR,HLA-A*11:01,YGATPY_YFSGDTLV_CAVGVSGYSTLTF,MNHEY_SMNVEV_CASTFIDSGGELFF
V350087584_L02_519,SSCMGGMNQR,HLA-A*11:01,TSINN_IRSNERE_CATDSFQGAQKLVF,LNHDA_SQIVND_CASSIGLPETQYF
V350087584_L02_520,SSCMGGMNQR,HLA-A*11:01,DSAIYN_IQSSQRE_CAVRPRGGGADGLTF,MNHEY_SVGAGI_CASSSQNPYNEQFF
V350087584_L02_521,SSCMGGMNQR,HLA-A*11:01,VSGLRG_LYSAGEE_CAVQATSGTYKYIF,SGHDN_FVKESK_CASSQG_NYGYTF
V350087584_L02_524,SSCMGGMNQR,HLA-A*11:01,TRDTTYY_RNSFDEQN_CALSGFYSSASKIIF,SGDLS_YYNGEE_CASSPRARYGYTF
V350087584_L02_525,SSCMGGMNQR,HLA-A*11:01,VGISA_LSSGK_CAINMDSNYQLIW,MNHEY_SMNVEV_CASSLAGYAEAFF
V350087584_L02_526,SSCMGGMNQR,HLA-A*11:01,SSVPPY_YTSAATLV_CAVSLLLPQGGKLIF,SGHNT_YYREEE_CASSSSDRVNTEAFF
V350087584_L02_527,SSCMGGMNQR,HLA-A*11:01,VTNFRS_LTSSGIE_CAGLYNFNKFYF,MGHRA_YSYEKL_CASSQSRYGNQPQHF
V350087584_L02_528,SSCMGGMNQR,HLA-A*11:01,NSASDY_IRSNMDK_CAENREAGTALIF,MGHRA_YSYEKL_CASSQSRYGNQPQHF
V350087584_L02_531,SSCMGGMNQR,HLA-A*11:01,DSAIYN_IQSSQRE_CAVIGVGARLMF,MGHRA_YSYEKL_CASSHVGDTTYHEQYF
V350087584_L02_533,SSCMGGMNQR,HLA-A*11:01,TSGFNG_NVLDGL_CAVSHGSGNTGKLIF,SGDLS_YYNGEE_CASSPWTKNIDTQYF
V350087584_L02_535,SSCMGGMNQR,HLA-A*11:01,NSMFDY_ISSIKDK_CAASPYNQGGKLIF,MDHEN_SYDVKM_CASSRSGAEQFF
V350087584_L02_536,SSCMGGMNQR,HLA-A*11:01,NSASDY_IRSNMDK_CAEIVLYNFNKFYF,SGHAT_FQNNGV_CASSLAGTSGRAYEQYF
V350087584_L02_539,SSCMGGMNQR,HLA-A*11:01,TSENNYY_QEAYKQQN_CAFTINKLVF,SGHAT_FQNNGV_CASSLVYAQDSVSFF
V350087584_L02_540,SSCMGGMNQR,HLA-A*11:01,SVFSS_VVTGGEV_CAGASQGGSQGNLIF,ENHRY_SYGVKD_CAISPDLWGYTF
V350087584_L02_541,SSCMGGMNQR,HLA-A*11:01,NSMFDY_ISSIKDK_CAASLYYSGNTGKLIF,KGHSH_LQKENI_CASSLTLTSRYEQYF
V350087584_L02_542,SSCMGGMNQR,HLA-A*11:01,DRGSQS_IYSNGD_CAVRERTSYDKVIF,SEHNR_FQNEAQ_CASSLLGAYEQYF
V350087584_L02_543,SSCMGGMNQR,HLA-A*11:01,SVFSS_VVTGGEV_CAGEEGTSYDKVIF,MNHEY_SMNVEV_CASSIRTSGPYEQYF
V350087584_L02_544,SSCMGGMNQR,HLA-A*11:01,TSDPSYG_QGSYDQQN_CAMREATGGSYIPTF,SGHDT_YYEEEE_CASSLGQGNLQPQHF
V350087584_L02_546,SSCMGGMNQR,HLA-A*11:01,DSAIYN_IQSSQRE_CAVRNSGNTPLVF,DFQATT_SNEGSKA_CSAALDRSSYEQYF
V350087584_L02_547,SSCMGGMNQR,HLA-A*11:01,KALYS_LLKGGEQ_CGTVDEVEDMRF,LNHDA_SQIVND_CASKGKLNSPLHF
V350087584_L02_551,SSCMGGMNQR,HLA-A*11:01,DRGSQS_IYSNGD_CAVNIFKVGETSGSRLTF,MGHRA_YSYEKL_CASSRGTGPWWVEQYF
V350087584_L02_553,SSCMGGMNQR,HLA-A*11:01,TRDTTYY_RNSFDEQN_CALQNSGTYKYIF,SEHNR_FQNEAQ_CASSSTSGRLTDTQYF
V350087584_L02_556,SSCMGGMNQR,HLA-A*11:01,TRDTTYY_RNSFDEQN_CALSGVSGGSYIPTF,MNHEY_SMNVEV_CASSFSVPYNEQFF
V350087584_L02_557,SSCMGGMNQR,HLA-A*11:01,TTSDR_LLSNGAV_CAVDAYGGATNKLIF,SGDLS_YYNGEE_CASSVGTRYNEQFF
V350087584_L02_559,SSCMGGMNQR,HLA-A*11:01,TSINN_IRSNERE_CATDTASGSRLTF,LGHDT_YNNKEL_CASSALGYNEQFF
V350087584_L02_560,SSCMGGMNQR,HLA-A*11:01,DSVNN_IPSGT_CARVSKLSF,MDHEN_SYDVKM_CASSFVGSSGNTIYF
V350087584_L02_563,SSCMGGMNQR,HLA-A*11:01,SSVPPY_YTSAATLV_CAVSLNSGGYQKVTF,SNHLY_FYNNEI_CASTGQGPTRGYTF
V350087584_L02_564,SSCMGGMNQR,HLA-A*11:01,VSGNPY_YITGDNLV_CAVRDISNAGNMLTF,SEHNR_FQNEAQ_CASSLSGNEQYF
V350087584_L02_565,SSCMGGMNQR,HLA-A*11:01,TISGNEY_GLKNN_CIVLNAGNMLTF,MNHEY_SMNVEV_CASSLWGGTDPWSQYF
V350087584_L02_566,SSCMGGMNQR,HLA-A*11:01,TRDTTYY_RNSFDEQN_CALSEGNYGQNFVF,SGDLS_YYNGEE_CASGGTISYNEQFF
V350087584_L02_567,SSCMGGMNQR,HLA-A*11:01,VSGNPY_YITGDNLV_CAVSLLYGGSQGNLIF,DFQATT_SNEGSKA_CSARVYSSYNEQFF
V350087584_L02_568,SSCMGGMNQR,HLA-A*11:01,TSDPSYG_QGSYDQQN_CAMREYNNARLMF,MDHEN_SYDVKM_CASSSRTSGRQETQYF
V350087584_L02_570,SSCMGGMNQR,HLA-A*11:01,TSGFNG_NVLDGL_CAVAIMDTGRRALTF,SNHLY_FYNNEI_CASRRRQGLVYNEQFF
V350087584_L02_572,SSCMGGMNQR,HLA-A*11:01,DSSSTY_IFSNMDM_CAESGTMNRDDKIIF,SGHNT_YYREEE_CASSLADYNEQFF
V350087584_L02_573,SSCMGGMNQR,HLA-A*11:01,VSGNPY_YITGDNLV_CAVSLNSGGYQKVTF,MGHRA_YSYEKL_CASSQGGGKGIGTEAFF
V350087584_L02_574,SSCMGGMNQR,HLA-A*11:01,TSGFNG_NVLDGL_CAVYGNNRLAF,LGHDT_YNNKEL_CASSPAPRANVLTF
V350087584_L02_575,SSCMGGMNQR,HLA-A*11:01,SSNFYA_MTLNGDE_CAFVGYGNKLVF,SGDLS_YYNGEE_CASSTPVESGGNEQFF
V350087584_L02_576,SSCMGGMNQR,HLA-A*11:01,TISGNEY_GLKNN_CIVRAE*W_GSNYKLTF,MGHRA_YSYEKL_CASSRGLHNEQFF
V350087584_L02_577,SSCMGGMNQR,HLA-A*11:01,DFQATT_SNEGSKA_CSARVYSSYNEQFF,SGHAT_FQNNGV_CASSLGGDGFF
V350087584_L02_578,SSCMGGMNQR,HLA-A*11:01,DSAIYN_IQSSQRE_CAVHDPTTDSWGKLQF,SEHNR_FQNEAQ_CASSSRGTNQPQHF
V350087584_L02_580,SSCMGGMNQR,HLA-A*11:01,DFQATT_SNEGSKA_CSARESRTGNGYTF,SNHLY_FYNNEI_CASSDPMRILNTEAFF
V350087584_L02_581,SSCMGGMNQR,HLA-A*11:01,DSASNY_IRSNVGE_CAAGEQAGTALIF,SGDLS_YYNGEE_CASSVVAGPTYEQYF
V350087584_L02_582,SSCMGGMNQR,HLA-A*11:01,VSGNPY_YITGDNLV_CAVRDLSNYGGATNKLIF,LNHDA_SQIVND_CASSPTMTGGTEAFF
V350087584_L02_586,SSCMGGMNQR,HLA-A*11:01,DSASNY_IRSNVGE_CAARRRGYNKLIF,MNHNY_SVGAGI_CASSSNRWGQPQHF
V350087584_L02_588,SSCMGGMNQR,HLA-A*11:01,YGATPY_YFSGDTLV_CAVVPNYGGSQGNLIF,MDHEN_SYDVKM_CASSDLYSNQPQHF
V350087584_L02_589,SSCMGGMNQR,HLA-A*11:01,MNHNS_SASEGT_CASSTRD_ADYEQYF,MNHNS_SASEGT_CASSTPGLADYEQYF
V350087584_L02_590,SSCMGGMNQR,HLA-A*11:01,DSSSTY_IFSNMDM_CAETPAYSGAGSYQLTF,SGHVS_FQNEAQ_CASSLRSNEQFF
V350087584_L02_595,SSCMGGMNQR,HLA-A*11:01,TSENNYY_QEAYKQQN_CAFMLYSGGGADGLTF,SGHRS_YFSETQ_CASSLVRVAEQYF
V350087584_L02_596,SSCMGGMNQR,HLA-A*11:01,DSASNY_IRSNVGE_CATPWGAGSYQLTF,LNHDA_SQIVND_CASSMSARHTDTQYF
V350087584_L03_503,SSCMGGMNQR,HLA-A*11:01,YSGSPE_HISR_CALLGPSGNTPLVF,SGHVS_FNYEAQ_CASSLGGEAFF
V350087584_L03_504,SSCMGGMNQR,HLA-A*11:01,TSINN_IRSNERE_CATDGGGSQGNLIF,MNHEY_SMNVEV_CASSPSREFETQYF
V350087584_L03_505,SSCMGGMNQR,HLA-A*11:01,SVFSS_VVTGGEV_CAGVDSGGSNYKLTF,SGHTA_FQGTGA_CASSPNLGVGTEAFF
V350087584_L03_507,SSCMGGMNQR,HLA-A*11:01,YSGSPE_HISR_CALTVSNYGGSQGNLIF,SGHDY_FNNNVP_CASSPMVKGSSDTQYF
V350087584_L03_509,SSCMGGMNQR,HLA-A*11:01,DSVNN_IPSGT_CAVAWQGAQKLVF,SQVTM_ANQGSEA_CSVVPPARPETQYF
V350087584_L03_510,SSCMGGMNQR,HLA-A*11:01,TSESDYY_QEAYKQQN_CAYPDSGGGADGLTF,SEHNR_FQNEAQ_CASSLAGDAIQYF
V350087584_L03_512,SSCMGGMNQR,HLA-A*11:01,TSINN_IRSNERE_CATDAWGSNYKLTF,MNHNS_SASEGT_CASSDLLGTAYNEQFF
V350087584_L03_513,SSCMGGMNQR,HLA-A*11:01,DRGSQS_IYSNGD_CAVNIKDSGSARQLTF,SGHNS_FNNNVP_CASSNKKLSASSYNSPLHF
V350087584_L03_518,SSCMGGMNQR,HLA-A*11:01,SSVPPY_YTTGATLV_CAVTMGYSSASKIIF,MNHEY_SMNVEV_CASSPKAPGQTQYF
V350087584_L03_519,SSCMGGMNQR,HLA-A*11:01,SSNFYA_MTLNGDE_CAPAYGNKLVF,SGHDT_YYEEEE_CASSLSPADNQPQHF
V350087584_L03_520,SSCMGGMNQR,HLA-A*11:01,TSESDYY_QEAYKQQN_CAYRALHKLIF,KGHSY_FQNENV_CASSPKPGDWVTYNSPLHF
V350087584_L03_521,SSCMGGMNQR,HLA-A*11:01,SSVPPY_YTTGATLV_CAVTPAGNMLTF,KGHSH_LQKENI_CASSPPTGYEQYF
V350087584_L03_522,SSCMGGMNQR,HLA-A*11:01,NSASDY_IRSNMDK_CAETIQNSGYALNF,SGHRS_YFSETQ_CASSLWGRDNQPQHF
V350087584_L03_526,SSCMGGMNQR,HLA-A*11:01,VGISA_LSSGK_CAVRRISNFGNEKLTF,MDHEN_SYDVKM_CASSLMEYLAYNEQFF
V350087584_L03_528,SSCMGGMNQR,HLA-A*11:01,NSAFQY_TYSSGN_CASPRGSGNTGKLIF,SGHNS_FNNNVP_CASSSGGYNEQFF
V350087584_L03_529,SSCMGGMNQR,HLA-A*11:01,TSGFNG_NVLDGL_CAVTGVV_TNKLIF,SNHLY_FYNNEI_CASIPDRGGGGRAWEQYF
V350087584_L03_532,SSCMGGMNQR,HLA-A*11:01,DSASNY_IRSNVGE_CANRGGADGLTF,SNHLY_FYNNEI_CATYSPLTGGGGANVLTF
V350087584_L03_535,SSCMGGMNQR,HLA-A*11:01,LGHDT_YNNKEL_CASSLAGNEQFF,DFQATT_SNEGSKA_CSARDSGRRQPQHF
V350087584_L03_536,SSCMGGMNQR,HLA-A*11:01,DSSSTY_IFSNMDM_CAECPGDSNYQLIW,LGHDT_YNNKEL_CASSLAGNEQFF
V350087584_L03_537,SSCMGGMNQR,HLA-A*11:01,NSAFQY_TYSSGN_CAMIAGYSTLTF,MNHEY_SMNVEV_CASSLGPRADTQYF
V350087584_L03_538,SSCMGGMNQR,HLA-A*11:01,NIATNDY_GYKTK_CLVGGGFQKLVF,MNHEY_SVGAGI_CASRHREDYGYTF
V350087584_L03_541,SSCMGGMNQR,HLA-A*11:01,VSPFSN_MTFSENT_CVVISPT*_AGNMLTF,LGHDT_YNNKEL_CASTPTGGWDTEAFF
V350087584_L03_543,SSCMGGMNQR,HLA-A*11:01,TRDTTYY_RNSFDEQN_CALSGVSGGSYIPTF,MNHEY_SMNVEV_CASSFSVPYNEQFF
V350087584_L03_544,SSCMGGMNQR,HLA-A*11:01,TISGTDY_GLTSN_CILRGYTGGFKTIF,LNHDA_SQIVND_CASSIQGTYNEQFF
V350087584_L03_545,SSCMGGMNQR,HLA-A*11:01,SSNFYA_MTLNGDE_CAFSTGGGNKLTF,MDHEN_SYDVKM_CASSPTYRGVHEQYF
V350087584_L03_546,SSCMGGMNQR,HLA-A*11:01,SSVPPY_YTTGATLV_CAVRRGGADGLTF,SGHRS_YFSETQ_CASSLGLAGGPSYNEQFF
V350087584_L03_547,SSCMGGMNQR,HLA-A*11:01,NSMFDY_ISSIKDK_CAASAIIQGAQKLVF,MGHRA_YSYEKL_CASSRQRNQPQHF
V350087584_L03_553,SSCMGGMNQR,HLA-A*11:01,DSASNY_IRSNVGE_CAPDLDEKLTF,SQVTM_ANQGSEA_CSVEGRIDARSSYNEQFF
V350087584_L03_555,SSCMGGMNQR,HLA-A*11:01,DSASNY_IRSNVGE_CAAHAPRTSYDKVIF,LGHNA_YNFKEQ_CASSQEVGEQFF
V350087584_L03_557,SSCMGGMNQR,HLA-A*11:01,TRDTTYY_RNSFDEQN_CALSEEGGNYQLIW,LNHDA_SQIVND_CASSIAGAPEEQYF
V350087584_L03_560,SSCMGGMNQR,HLA-A*11:01,DSASNY_IRSNVGE_PREGGGFKTIF,LNHDA_SQIVND_CASSISFYGAFDYEQYF
V350087584_L03_561,SSCMGGMNQR,HLA-A*11:01,NSMFDY_ISSIKDK_CAATEE_NEKLTF,MDHEN_SYDVKM_CASSLLRDSPLHF
V350087584_L03_563,SSCMGGMNQR,HLA-A*11:01,VTNFRS_LTSSGIE_CAVEVGA_TGKLIF,SQVTM_ANQGSEA_CSVEGNNYGYTF
V350087584_L04_501,VVGAVGVGK,HLA-A*11:01,TSINN_IRSNERE_CATDAGGGADGLTF,SGDLS_YYNGEE_CASSTRGG_SSEKLFF
V350087584_L04_503,ATAPSLSGK,HLA-A*11:01,YGGTVN_YFSGDPLV_CAVRYNFNKFYF,SGHRS_YFSETQ_CASSLGDRVNTEAFF
V350087584_L04_505,VVGAVGVGK,HLA-A*11:01,TTLSN_LVKSGEV_CIPVL_RQLTF,KGHSH_LQKENI_CASSPALNPEAFF
V350087584_L04_506,VVGAVGVGK,HLA-A*11:01,TRDTTYY_RNSFDEQN_CALSEPFW_GYNKLIF,KGHSH_LQKENI_CASSPALNPEAFF
V350087584_L04_510,VVGAVGVGK,HLA-A*11:01,YGATPY_YFSGDTLV_CAVGASDSWGKFEF,SGHNS_FNNNVP_CASSPGTGIQHF
V350087584_L04_511,VVGAGDVGK,HLA-A*11:01,DSASNY_IRSNVGE_CAASSPYSSASKIIF,SGHKS_YYEKEE_CASSLEVSGAFRNQPQHF
V350087584_L04_516,VVGAVGVGK,HLA-A*11:01,YGATPY_YFSGDTLV_CAVGASDSWGKFEF,SGHNS_FNNNVP_CASSPGTGVQHF
V350087584_L04_517,VVGAGDVGK,HLA-A*11:01,VSGNPY_YITGDNLV_CAVGGTGGFKTIF,MGHRA_YSYEKL_CASSQDATGGETTEAFF
V350087584_L04_518,VVGAVGVGK,HLA-A*11:01,TSINN_IRSNERE_CATDPRGTGNQFYF,SGHAT_FQNNGV_CASSLEQSYEQYF
V350087584_L04_520,VVGAVGVGK,HLA-A*11:01,TSINN_IRSNERE_CATDTDSGYALNF,SGHRS_YFSETQ_CASGGSDEQFF
V350087584_L04_521,ATAPSLSGK,HLA-A*11:01,TSINN_IRSNERE_CATDAGGGADGLTF,SGDLS_YYNGEE_CASSTRGRDSSEKLFF
V350087584_L04_524,VVGAVGVGK,HLA-A*11:01,TSINN_IRSNERE_CATDAGGGADGLTF,SGDLS_YYNGEE_CASSTRGGDSSEKLFF
V350087584_L04_526,VVGAGDVGK,HLA-A*11:01,YGATPY_YFSGDTLV_CAVGASDSWGKFEF,SGHNS_FNNNVP_CASSPGTGIQHF
V350087584_L04_528,ATAPSLSGK,HLA-A*11:01,NSAFQY_TYSSGN_CAMKEGNKLVF,MNHEY_SMNVEV_CASRTPYREVPVEQYF
V350087584_L04_529,ATAPSLSGK,HLA-A*11:01,DSAIYN_IQSSQRE_CAVLRQTGANNLFF,SGHTA_FQGTGA_CASSLGGGVQNTQYF
V350087584_L04_531,VVGAVGVGK,HLA-A*11:01,TSINN_IRSNERE_CATDPRGTGNQFYF,SGHAT_FQNNGV_CASSLEQSYEQYF
V350087584_L04_532,VVGAVGVGK,HLA-A*11:01,NSMFDY_ISSIKDK_CAASAWRDDKIIF,SGHDN_FVKESK_CASSQGQGANNEQFF
V350087584_L04_534,VVGAVGVGK,HLA-A*11:01,NSAFQY_TYSSGN_CAFSQGGKLIF,MNHEY_SMNVEV_CASNLLQGSSTEAFF
V350087584_L04_536,ATAPSLSGK,HLA-A*11:01,DSVNN_IPSGT_CAANPPRGGNTGKLIF,LGHNT_FRNRAP_CATSPGTEAFF
V350087584_L04_538,ATAPSLSGK,HLA-A*11:01,VSGNPY_YITGDNLV_CAALQGGKLIF,SGHNT_YENEEA_CASSYRGRNGELFF
V350087584_L04_541,VVGAVGVGK,HLA-A*11:01,NSMFDY_ISSIKDK_CAASAFTSGTYKYIF,SGDLS_YYNGEE_CASSVEGNYGYTF
V350087584_L04_544,ATAPSLSGK,HLA-A*11:01,TSDPSYG_QGSYDQQN_CAMRKDSGYALNF,SEHNR_FQNEAQ_CASSSQAGSEEQFF
V350087584_L04_545,VVGAVGVGK,HLA-A*11:01,SSNFYA_MTLNGDE_CASGDDYKLSF,SGDLS_YYNGEE_CASCPGAGANVLTF
V350087584_L04_547,VVGAVGVGK,HLA-A*11:01,TSGFNG_NVLDGL_CAVLSGGYNKLIF,SGHTA_FQGNSA_CASRSGTGSGETQYF
V350087584_L04_552,VVGAVGVGK,HLA-A*11:01,DSASNY_IRSNVGE_CATTQGGKLIF,PRHDT_FYEKMQ_CASSLAPLQGRYGYTF
V350087584_L04_553,VVGAVGVGK,HLA-A*11:01,NSAFQY_TYSSGN_CARLTTDSWGKLQF,DFQATT_SNEGSKA_CSAFGTSETDTQYF
V350087584_L04_554,VVGAVGVGK,HLA-A*11:01,NSASDY_IRSNMDK_CAEIPPR_RDDKIIF,SGDLS_YYNGEE_CASSVLGYTDTQYF
V350087584_L04_559,ATAPSLSGK,HLA-A*11:01,DRGSQS_IYSNGD_CAVNRGNQGGKLIF,SGHRS_YFSETQ_CASNPPGGDTEAFF
V350087584_L04_560,VVGAVGVGK,HLA-A*11:01,TSINN_IRSNERE_CATDAGGGADGLTF,SGDLS_YYNGEE_CASSTRGRDSSEKLFF
V350087584_L04_566,VVGAVGVGK,HLA-A*11:01,TSESDYY_QEAYKQQN_CAYRDDSGAGSYQLTF,SGDLS_YYNGEE_CASSTTQGISEAFF
V350087584_L04_567,VVGAVGVGK,HLA-A*11:01,MNHEY_SMNVEV_CASSNSELYGYTF,MNHEY_SMNVEV_CASSNSDLYGYTF
V350087584_L04_568,VVGAVGVGK,HLA-A*11:01,NIATNDY_GYKTK_CLVADG_RSCSL,MGHRA_YSYEKL_CASSQDVRLKEKLFF
V350087584_L04_569,VVGAVGVGK,HLA-A*11:01,TSINN_IRSNERE_CATDAGGGADGLTF,SGDLS_YYNGEE_CASSTRGRDSSEKLFF
V350087584_L04_571,ATAPSLSGK,HLA-A*11:01,DSAIYN_IQSSQRE_PYNKLIF,SGHDT_YYEEEE_CASSLGESGGIQYF
V350087584_L04_572,ATAPSLSGK,HLA-A*11:01,DRGSQS_IYSNGD_CAAPETDDKIIF,MGHRA_YSYEKL_CASSPTVYNEQFF
V350087584_L04_574,ATAPSLSGK,HLA-A*11:01,NIATNDY_GYKTK_CLVGPRLW_AGSYQLTF,MNHEY_SVGAGI_CASSPRWGGPAQPQHF
V350087584_L04_575,VVGAVGVGK,HLA-A*11:01,TSINN_IRSNERE_CATDAGGGADGLTF,SGDLS_YYNGEE_CASSTRGRDSSEKLFF
V350087584_L04_576,ATAPSLSGK,HLA-A*11:01,SIFNT_LYKAGEL_CASNAGNMLTF,SGHDT_YYEEEE_CASSLGGGQPQHF
V350087584_L04_582,VVGAVGVGK,HLA-A*11:01,TSINN_IRSNERE_CATDAGGGADGLTF,SGDLS_YYNGEE_CASSTRGRDSSEKLFF
V350087584_L04_583,VVGAVGVGK,HLA-A*11:01,TSGFNG_NVLDGL_CAGMDSNYQLIW,KGHDR_SFDVKD_CATSDLGGHTDTQYF
V350087584_L04_586,ATAPSLSGK,HLA-A*11:01,TISGNEY_GLKNN_CIVRPTGGTSYGKLTF,MNHEY_SMNVEV_CASSITSTDTQYF
V350087584_L04_587,VVGAVGVGK,HLA-A*11:01,TSGFNG_NVLDGL_CAVMDSNYQLIW,MNHNS_SASEGT_CASSEGTSGGTGELFF
V350087584_L04_589,ATAPSLSGK,HLA-A*11:01,DSASNY_IRSNVGE_CAATRGDYKLSF,MNHNY_SVGAGI_CASTPPLPGPNYGYTF
V350087584_L04_590,VVGAVGVGK,HLA-A*11:01,NSAFQY_TYSSGN_CARLTTDSWGKLQF,DFQATT_SNEGSKA_CSAFGTSETDTQYF
V350087584_L04_591,VVGAVGVGK,HLA-A*11:01,KALYS_LLKGGEQ_CGTEILDDKIIF,SGHNS_FNNNVP_CASSPGTGIQHF
V350087584_L04_592,ATAPSLSGK,HLA-A*11:01,DSAIYN_IQSSQRE_CAAAMDSSYKLIF,MNHEY_SMNVEV_CASKPNWMGANVLTF
V350087584_L04_594,VVGAGDVGK,HLA-A*11:01,DSASNY_IRSNVGE_CAASKEK_NTPLVF,DFQATT_SNEGSKA_CSARAGDINEKLFF
V350104478_L01_504,ATATAPSLSGK,HLA-A*11:01,KTLYG_LQKGGEE_CGADGARFYF,SGHNT_YYREEE_CASSPVERDEQFF
V350104478_L01_505,ATATAPSLSGK,HLA-A*11:01,TRDTTYY_RNSFDEQN_CALSEADDYKLSF,KGHSH_LQKENI_CASSVSAGAYEQYF
V350104478_L01_507,ATATAPSLSGK,HLA-A*11:01,NIATNDY_GYKTK_CLVGDRGSTLGRLYF,SGHDT_YYEEEE_CASSLAGQNTGELFF
V350104478_L01_508,ATATAPSLSGK,HLA-A*11:01,YGATPY_YFSGDTLV_CAVGTIMETGRRALTF,MDHEN_SYDVKM_CASSTLAGVGETQYF
V350104478_L01_509,ATATAPSLSGK,HLA-A*11:01,SSYSPS_YTSAATLV_CVVSDGLKTSYDKVIF,SGHTS_YYEKEE_CASTYGQINEKLFF
V350104478_L01_510,ATATAPSLSGK,HLA-A*11:01,TSDPSYG_QGSYDQQN_CAMREGYGQNFVF,DFQATT_SNEGSKA_CSARDVEISNQPQHF
V350104478_L01_512,ATATAPSLSGK,HLA-A*11:01,NSMFDY_ISSIKDK_CAASHRDTGTASKLTF,SEHNR_FQNEAQ_CASSLAGLTHNEQFF
V350104478_L01_513,ATATAPSLSGK,HLA-A*11:01,SSNFYA_MTLNGDE_CAFLPRGSTLGRLYF,MDHEN_SYDVKM_CASSLGTSQLYEQYF
V350104478_L01_515,ATATAPSLSGK,HLA-A*11:01,YGATPY_YFSGDTLV_CAVGTIMDTGRRALTF,MDHEN_SYDVKM_CASSTLAGVGETQYF
V350104478_L01_516,TTAPPLSGK,HLA-A*11:01,VSGLRG_LYSAGEE_CAVREYGGGADGLTF,MNHEY_SVGEGT_CASAPGPSYEQYF
V350104478_L01_517,ATATAPSLSGK,HLA-A*11:01,NSASDY_IRSNMDK_CAENMWRDDKIIF,SQVTM_ANQGSEA_CSGVGTGDGYGYTF
V350104478_L01_518,ATATAPSLSGK,HLA-A*11:01,DRGSQS_IYSNGD_CAVFLSGGSYIPTF,DFQATT_SNEGSKA_CSARVGLNAGELFF
V350104478_L01_519,ATATAPSLSGK,HLA-A*11:01,YGATPY_YFSGDTLV_CAVLNQAGTALIF,MGHRA_YSYEKL_CASGDYLSNEQFF
V350104478_L01_520,ATATAPSLSGK,HLA-A*11:01,TSDPSYG_QGSYDQQN_CAMRETYNAGNNRKLIW,KGHDR_SFDVKD_CATSDSGTDTDTQYF
V350104478_L01_523,ATATAPSLSGK,HLA-A*11:01,NTAFDY_IRPDVSE_STIFGIIQGAQKLVF,SGDLS_YYNGEE_CASSVGGTDTQYF
V350104478_L01_527,ATATAPSLSGK,HLA-A*11:01,YGATPY_YFSGDTLV_CAVGAGRHMYSGGGADGLTF,LNHDA_SQIVND_CASSTQGGSGDEQFF
V350104478_L01_529,TTAPPLSGK,HLA-A*11:01,VSPFSN_MTFSENT_CVVSAGSGGGADGLTF,SGHVS_FNYEAQ_CASSLAGGAYNEQFF
V350104478_L01_530,ATATAPSLSGK,HLA-A*11:01,DRGSQS_IYSNGD_CAGYFFSGGYNKLIF,SEHNR_FQNEAQ_CASSPKGGSMNNEQFF
V350104478_L01_532,ATATAPSLSGK,HLA-A*11:01,VTNFRS_LTSSGIE_CAVGGYNNAGNMLTF,LNHDA_SQIVND_CASSIGWTEAFF
V350104478_L01_533,ATATAPSLSGK,HLA-A*11:01,SVFSS_VVTGGEV_CAGGQGGSEKLVF,SGHDY_FNNNVP_CASWSGGELFF
V350104478_L01_534,ATATAPSLSGK,HLA-A*11:01,NIATNDY_GYKTK_CLVGVNSGYSTLTF,MNHNS_SASEGT_CASSVGTGVGSPLHF
V350104478_L01_535,ATATAPSLSGK,HLA-A*11:01,TSGFYG_NALDGL_CAVRDI_GQNFVF,KGHDR_SFDVKD_CATRDR_DGYTF
V350104478_L01_536,TTAPPLSGK,HLA-A*11:01,KALYS_LLKGGEQ_CGAPYELW_GSQGNLIF,SNHLY_FYNNEI_CAISFPWREGLNEQFF
V350104478_L01_539,ATATAPSLSGK,HLA-A*11:01,VSNAYN_GSKP_CAVELRRF_NQGGKLIF,MDHEN_SYDVKM_CASSTLAGVGETQYF
V350104478_L01_540,ATATAPSLSGK,HLA-A*11:01,YGATPY_YFSGDTLV_CAVGTIMDTGRRALTF,MDHEN_SYDVKM_CASSTLAGVGETQYF
V350104478_L01_543,ATATAPSLSGK,HLA-A*11:01,TSINN_IRSNERE_CATGNTDKLIF,MDHEN_SYDVKM_CASSPISAGAGANVLTF
V350104478_L01_551,ATATAPSLSGK,HLA-A*11:01,NSASDY_IRSNMDK_CAENIV*KE_SGYSTLTF,SGDLS_YYNGEE_CASSGSGHNEQFF
V350104478_L01_561,ATATAPSLSGK,HLA-A*11:01,NSMFDY_ISSIKDK_CAAVKANNLFF,MGHDK_SYGVNS_CASSPRGGELFF
V350104478_L01_567,TTAPPLSGK,HLA-A*11:01,ATGYPS_ATKADDK_CALTLPPSYGQNFVF,ENHRY_SYGVKD_CAISDIYSNQPQHF
V350104478_L01_568,TTAPPLSGK,HLA-A*11:01,DSSSTY_IFSNMDM_CAENPGNTGKLIF,SGHVS_FNYEAQ_CASSLSDGANTGELFF
V350104478_L01_571,ATATAPSLSGK,HLA-A*11:01,DRGSQS_IYSNGD_CAVLALSGGYQKVTF,SQVTM_ANQGSEA_CSVEGSGPYEQYF
V350104478_L01_575,TTAPPLSGK,HLA-A*11:01,TSESDYY_QEAYKQQN_CAYRSAEGAGSYQLTF,MDHEN_SYDVKM_CASSPTGGNYGYTF
V350104478_L01_576,TTAPPLSGK,HLA-A*11:01,TISGNEY_GLKNN_CIVG_ALTF,SGDLS_YYNGEE_CASSVDTQNYGYTF
V350104478_L01_577,ATATAPSLSGK,HLA-A*11:01,TSGFNG_NVLDGL_CAVVGGGNKLTF,ENHRY_SYGVKD_CAISDIYSNQPQHF
V350104478_L01_579,TTAPPLSGK,HLA-A*11:01,NYSPAY_IRENEKE_CALGGYQKVTF,SGHTS_YDEGEE_CASSLDRGRNEQFF
V350104478_L01_581,TTAPPLSGK,HLA-A*11:01,TRDTTYY_RNSFDEQN_CALSEITSGGSYIPTF,SNHLY_FYNNEI_CASSRAPNYEQFF
V350104478_L01_583,TTAPPLSGK,HLA-A*11:01,DSSSTY_IFSNMDM_CAEKNAGSARQLTF,MNHEY_SVGEGT_CASRAGWVNEQFF
V350104478_L01_590,ATATAPSLSGK,HLA-A*11:01,PRHDT_FYEKMQ_CASSGTGLAGVEQYF,SGHKS_YYEKEE_CASS*P_STSSTS
V350104478_L01_593,ATATAPSLSGK,HLA-A*11:01,YGATPY_YFSGDTLV_CAVGTIMDTGRRALTF,MDHEN_SYDVKM_CASSTLAGVGETQYF
V350104478_L01_594,ATATAPSLSGK,HLA-A*11:01,TSENNYY_QEAYKQQN_CAFMDPWGSGTYKYIF,MNHEY_SMNVEV_CASSFKSGGRADNEQFF
V350104478_L02_502,ATATAPSLSGK,HLA-A*11:01,TTLSN_LVKSGEV_CAGPMDSNYQLIW,SEHNR_FQNEAQ_CASSPDQGAYNEQFF
V350104478_L02_504,ATATAPSLSGK,HLA-A*11:01,DRGSQS_IYSNGD_CAVNFYGQNFVF,DFQATT_SNEGSKA_CSSLARTRDTGELFF
V350104478_L02_505,TTAPPLSGK,HLA-A*11:01,SGHNS_FNNNVP_CASTLGGGSYNEQFF,SGDLS_YYNGEE_CASSVEGEGLDEQFF
V350104478_L02_511,ATATAPSLSGK,HLA-A*11:01,DSSSTY_IFSNMDM_CAEIPVSGGGADGLTF,SGDLS_YYNGEE_CASSVEGGTEAFF
V350104478_L02_512,TTAPPLSGK,HLA-A*11:01,DSAIYN_IQSSQRE_CAVRPLSRDDKIIF,MDHEN_SYDVKM_CASGDEVGGDTEAFF
V350104478_L02_513,ATATAPSLSGK,HLA-A*11:01,TRDTTYY_RNSFDEQN_CALREGAGTDKLIF,LNHDA_SQIVND_CASSIGTSGTYEQYF
V350104478_L02_521,ATATAPSLSGK,HLA-A*11:01,DSVNN_IPSGT_CAVEVNDYKLSF,DFQATT_SNEGSKA_CSARSGDGAYYGYTF
V350104478_L02_522,TTAPPLSGK,HLA-A*11:01,TRDTTYY_RNSFDEQN_CALSEVINDMRF,DFQATT_SNEGSKA_CSARDSPALGYGYTF
V350104478_L02_523,ATATAPSLSGK,HLA-A*11:01,TSESDYY_QEAYKQQN_CAYRGTNFGNEKLTF,MDHEN_SYDVKM_CASSSTGTQHNQPQHF
V350104478_L02_525,ATATAPSLSGK,HLA-A*11:01,TSENNYY_QEAYKQQN_CAFMSPNTGTASKLTF,MNHNY_SVGAGI_CASTLVAEETQYF
V350104478_L02_527,ATATAPSLSGK,HLA-A*11:01,TSESDYY_QEAYKQQN_CAYRSAYNNDMRF,MNHNY_SVGAGI_CASSYEGGLETQYF
V350104478_L02_529,ATATAPSLSGK,HLA-A*11:01,YGGTVN_YFSGDPLV_CAVNNNARLMF,DFQATT_SNEGSKA_CSAREGSQYF
V350104478_L03_507,VVVGAGDVGK,HLA-A*11:01,TSDPSYG_QGSYDQQN_CAMREGLNTGTASKLTF,LNHDA_SQIVND_CASSLTSGAYNEQFF
V350104478_L03_508,VVVGAGDVGK,HLA-A*11:01,DSASNY_IRSNVGE_CAATGNSGGSNYKLTF,KGHTF_FQNEQV_CASSRGDRERDYGYTF
V350104478_L03_509,VVVGAGDVGK,HLA-A*11:01,TSDQSYG_QGSYDEQN_CAMREFSGAGSYQLTF,SEHNR_FQNEAQ_CASSPSYEQYF
V350104478_L03_510,VVVGAGDVGK,HLA-A*11:01,DRGSQS_IYSNGD_CALKDTDKLIF,MGHRA_YSYEKL_CASSQTGTAAGYGYTF
V350104478_L03_512,VVVGAGDVGK,HLA-A*11:01,NIATNDY_GYKTK_CLVGRNTGNQFYF,SGHNT_YYREEE_CASSSGHTLTDTQYF
V350104478_L03_516,VVVGADGVGK,HLA-A*11:01,NSASDY_IRSNMDK_CAENTGNQGGKLIF,SGHVS_FNYEAQ_CASSFTDSTYEQYF
V350104478_L03_518,VVVGADGVGK,HLA-A*11:01,DSSSTY_IFSNMDM_CAETRSNDYKLSF,DFQATT_SNEGSKA_CSARVETRNTIYF
V350104478_L03_521,VVVGAGDVGK,HLA-A*11:01,NSMFDY_ISSIKDK_CAAAYYTGANSKLTF,SGHAT_FQNNGV_CASSSPPGVGNEQFF
V350104478_L03_523,VVVGAGDVGK,HLA-A*11:01,DSSSTY_IFSNMDM_CAESKFNNDMRF,SGHTA_FQGNSA_CASSSGDYGYTF
V350104478_L03_527,VVVGADGVGK,HLA-A*11:01,TISGTDY_GLTSN_CILRDVVENDMRF,LGHNA_YNFKEQ_CASSQGGRGVFGTQYF
V350104478_L03_535,VVVGAGDVGK,HLA-A*11:01,DSAIYN_IQSSQRE_CAVRWI_SYKLIF,SGHDT_YYEEEE_CASSLVAGGYEQYF
V350104478_L03_539,VVVGAGDVGK,HLA-A*11:01,DSSSTY_IFSNMDM_CAPRGGSYIPTF,SGHAT_FQNNGV_CASGEGTGNEQYF
V350104478_L03_540,VVVGAGDVGK,HLA-A*11:01,TSGFNG_NVLDGL_CAVREGGNKLVF,KAHSY_FQNEEL_CASSEKGDTNSYNEQFF
V350104478_L03_542,VVVGAGDVGK,HLA-A*11:01,VSGNPY_YITGDNLV_CAVSESGGSYIPTF,MNHEY_SMNVEV_CASSLRTAAYEQYF
V350104478_L03_543,VVVGAGDVGK,HLA-A*11:01,DRGSQS_IYSNGD_CAVNIGTSGSRLTF,SGHRS_YFSETQ_CASSPWASINEQFF
V350104478_L03_545,VVVGAGDVGK,HLA-A*11:01,NSASDY_IRSNMDK_CAETPGL_GQNFVF,SGHNT_YYREEE_CASSSGHTLSDTQYF
V350104478_L03_546,VVVGAGDVGK,HLA-A*11:01,DSASNY_IRSNVGE_CAASMVDSSYKLIF,SGHTA_FQGTGA_CASSPVAGVEQFF
V350104478_L03_555,VVVGADGVGK,HLA-A*11:01,VGISA_LSSGK_CAVSR*GADGLTF,MGHRA_YSYEKL_CASSQVGGYEQFF
V350104478_L03_556,VVVGAGDVGK,HLA-A*11:01,TSESDYY_QEAYKQQN_CAYTPRYNNNDMRF,ENHRY_SYGVKD_CAISEPGLSSYNEQFF
V350104478_L03_557,VVVGAGDVGK,HLA-A*11:01,MGHRA_YSYEKL_CASSQPGQGYEQYF,MNHNS_SASEGT_CASSVMGSGAEQFF
V350104478_L03_558,VVVGADGVGK,HLA-A*11:01,DRGSQS_IYSNGD_CAVITLKTGANNLFF,MGHRA_YSYEKL_CASSQPGQGYEQYF
V350104478_L03_559,VVVGAGDVGK,HLA-A*11:01,TTSDR_LLSNGAV_CAGRGAQKLVF,MGHRA_YSYEKL_CASNSGGTEAFF
V350104478_L03_560,VVVGADGVGK,HLA-A*11:01,NIATNDY_GYKTK_CLVGRNTGNQFYF,SGHNT_YYREEE_CASSSGHTLTDTQYF
V350104478_L03_561,VVVGAGDVGK,HLA-A*11:01,DSSSTY_IFSNMDM_CAESLSYSSASKIIF,SGHDY_FNNNVP_CASSLKGSEQFF
V350104478_L03_564,VVVGAGDVGK,HLA-A*11:01,VSGNPY_YITGDNLV_CAVEPDSNYQLIW,SGHDT_YYEEEE_CASSTRTGDSYTF
V350104478_L03_568,VVVGADGVGK,HLA-A*11:01,DSAIYN_IQSSQRE_CAVKWRNYGGSQGNLIF,MDHEN_SYDVKM_CASSFRTGVADTQYF
V350104478_L03_574,VVVGAGDVGK,HLA-A*11:01,DSSSTY_IFSNMDM_CAETRSNDYKLSF,DFQATT_SNEGSKA_CSARVETRNTIYF
V350104478_L03_575,VVVGAGDVGK,HLA-A*11:01,KTLYG_LQKGGEE_CGVNNNTDKLIF,SGHTA_FQGNSA_CASSPIGGHEQYF
V350104478_L03_576,VVVGAGDVGK,HLA-A*11:01,NSMFDY_ISSIKDK_CAASFYSGGSNYKLTF,SQVTM_ANQGSEA_CSVDGGLDTEAFF
V350104478_L03_581,VVVGAGDVGK,HLA-A*11:01,SVFSS_VVTGGEV_CAGVTSYGKLTF,SNHLY_FYNNEI_CASTNGRSTDTQYF
V350104478_L03_582,VVVGADGVGK,HLA-A*11:01,SSNFYA_MTLNGDE_CACFTGGGNKLTF,SNHLY_FYNNEI_CASTNGRSTDTQYF
V350104478_L03_583,VVVGADGVGK,HLA-A*11:01,YGGTVN_YFSGDPLV_CAAGASGNTGKLIF,SGHAT_FQNNGV_CASSPGRNSYNEQFF
V350104478_L03_590,VVVGADGVGK,HLA-A*11:01,TSDPSYG_QGSYDQQN_CAMRETSGGGADGLTF,SNHLY_FYNNEI_CASSDRGVFNQPQHF
V350104478_L03_591,VVVGADGVGK,HLA-A*11:01,TSINN_IRSNERE_CATDDDFNKFYF,MNHEY_SMNVEV_CASTLAGGNTEAFF
V350104478_L03_594,VVVGADGVGK,HLA-A*11:01,NSMFDY_ISSIKDK_CAARGQGGSEKLVF,KAHSY_FQNEEL_CASSNAAR_QQNYGYTF
V350104478_L03_596,VVVGAGDVGK,HLA-A*11:01,NSASDY_IRSNMDK_CAETHHTGTASKLTF,SGHNT_YYREEE_CASSPTGTGGYEQYF
V350104478_L04_503,VVVGAGDVGK,HLA-A*11:01,TSESDYY_QEAYKQQN_CAYRRG_ARLMF,SGHDY_FNNNVP_CASSSGHGPIEQYF
V350104478_L04_506,VVVGAGDVGK,HLA-A*11:01,VSGLRG_LYSAGEE_CAVQASGGSYIPTF,ENHRY_SYGVKD_CATRGGGPQLYYTEAFF
V350104478_L04_515,VVVGADGVGK,HLA-A*11:01,TSESDYY_QEAYKQQN_CALNSNSGYALNF,SEHNR_FQNEAQ_CASSPGHEQYF
V350104478_L04_529,VVVGAGDVGK,HLA-A*11:01,NIATNDY_GYKTK_CLVGRNTGNQFYF,SGHNT_YYREEE_CASSSGHTLTDTQYF
V350110749_L01_502,SVCAGILSY,HLA-A*11:01,TSINN_IRSNERE_CGSYL**_AGNMLTF,MNHEY_SMNVEV_CASSLLGAEQFF
V350110749_L01_513,VVGAVGVGK,HLA-A*11:01,DSVNN_IPSGT_CAVEAFQDDKIIF,SGHRS_YFSETQ_CASSSTPQRERKKSSTDTQYF
V350110749_L01_517,VVGAVGVGK,HLA-A*11:01,VSPFSN_MTFSENT_CVVSRSRGPLVF,SEHNR_FQNEAQ_CASREAGGQQETQYF
V350110749_L01_522,VVGAVGVGK,HLA-A*11:01,NSMFDY_ISSIKDK_CAASDIGFNKFYF,DFQATT_SNEGSKA_CSARAGLAGVGETQYF
V350110749_L01_523,VVGAVGVGK,HLA-A*11:01,SSNFYA_MTLNGDE_CAFPHYNNNDMRF,LNHDA_SQIVND_CASSTDRGTIEAFF
V350110749_L01_527,VVGAVGVGK,HLA-A*11:01,DSAIYN_IQSSQRE_CAVRLTQGGSEKLVF,KGHDR_SFDVKD_CATKSQGANYNEQFF
V350110749_L01_529,VVGAVGVGK,HLA-A*11:01,TSESDYY_QEAYKQQN_CAYISGSRLTF,ENHRY_SYGVKD_CAISESEGDTDYEQYF
V350110749_L01_549,VVGAVGVGK,HLA-A*11:01,KTLYG_LQKGGEE_CGAPRGTSYGKLTF,SQVTM_ANQGSEA_CSVSAWDTGELFF
V350110749_L01_554,VVGAVGVGK,HLA-A*11:01,DSAIYN_IQSSQRE_CAVRLTQGGSEKLVF,MGHRA_YSYEKL_CASSQLYRGSGTQYF
V350110749_L01_563,VVGAVGVGK,HLA-A*11:01,DSAIYN_IQSSQRE_CAVRLTQGGSEKLVF,MGHRA_YSYEKL_CASSQLYRGSGTQYF
V350110749_L01_588,VVGAVGVGK,HLA-A*11:01,DSAIYN_IQSSQRE_CAVRLTQGGSEKLVF,DFQATT_SNEGSKA_CSARAGLAGVGETQYF
V350110749_L02_503,VVGAVGVGK,HLA-A*11:01,TTLSN_LVKSGEV_CAYPNFGNEKLTF,MNHEY_SMNVEV_CASSLLGAEQFF
V350110749_L02_504,VVGAVGVGK,HLA-A*11:01,YSGSPE_HISR_CALSGRIV_GSNYKLTF,SGHRS_YFSETQ_CASSSTPQRERKKSSTDTQYF
V350110749_L02_505,VVGAVGVGK,HLA-A*11:01,SSNFYA_MTLNGDE_CAFPHYNNNDMRF,LNHDA_SQIVND_CASSTDRGTIEAFF
V350110749_L02_516,VVGAVGVGK,HLA-A*11:01,DSVNN_IPSGT_CAVEAFQDDKIIF,SGHRS_YFSETQ_CASSSTPQRERKKSSTDTQYF
V350110749_L02_526,VVGAVGVGK,HLA-A*11:01,DSVNN_IPSGT_CAVEAFQDDKIIF,DFQATT_SNEGSKA_CSARAGLAGVGETQYF
V350110758_L01_536,TTAPPLSGK,HLA-A*11:01,TSGFNG_NVLDGL_CAVSEFS_MARSCSL,LGHNA_YNFKEQ_CASSQERGNTGELFF
V350110758_L01_540,VVVGAGDVGK,HLA-A*11:01,NSASDY_IRSNMDK_CAENTGGGADGLTF,WNHNN_SYGVHD_CASSEGG_RNQPQHF
V350110758_L01_547,VVVGADGVGK,HLA-A*11:01,DSAIYN_IQSSQRE_CAVTLNTGNQFYF,SEHNR_FQNEAQ_CASSLVRGNSPLHF
V350110758_L01_548,VVVGAGDVGK,HLA-A*11:01,SSNFYA_MTLNGDE_CASKEGNMLTF,SNHLY_FYNNEI_CASSAYRDRNTIYF
V350110758_L01_555,VVVGAGDVGK,HLA-A*11:01,TRDTTYY_RNSFDEQN_CALSGIGTQGGSEKLVF,SGHDT_YYEEEE_CASTPERGNGSDEQYF
V350110758_L01_569,ATATAPSLSGK,HLA-A*11:01,TTLSN_LVKSGEV_CASRAGFQKLVF,SGHDY_FNNNVP_CAAGSAPTEAFF
V350110758_L01_571,VVVGAGDVGK,HLA-A*11:01,NSMFDY_ISSIKDK_CAASFYSGGSNYKLTF,SQVTM_ANQGSEA_CSVDGGLDTEAFF
V350110758_L01_574,ATATAPSLSGK,HLA-A*11:01,DSSSTY_IFSNMDM_CAESDNYGQNFVF,MDHEN_SYDVKM_CASTLGAGIGEQYF
V350110758_L01_578,VVVGAGDVGK,HLA-A*11:01,NIATNDY_GYKTK_CLVGRNTGNQFYF,SGHNT_YYREEE_CASSSGHTLTDTQYF
V350110758_L01_587,VVVGAGDVGK,HLA-A*11:01,NYSPAY_IRENEKE_CVRLGTGRRALTF,SGHTA_FQGTGA_RASSPGSG_FTDTQYF
V350110758_L01_592,ATATAPSLSGK,HLA-A*11:01,DSSSTY_IFSNMDM_CAESPPGGGNKLTF,DFQATT_SNEGSKA_CSAREGLAGGWNEQFF
V350110758_L01_594,VVVGAGDVGK,HLA-A*11:01,DSASNY_IRSNVGE_CAASRVYL_FGNEKLTF,SGHRS_YFSETQ_CASSSGTGVTLGTDTQYF
V350110758_L02_507,VVVGAGDVGK,HLA-A*11:01,SSVSVY_YLSGSTLV_CAFANTGNQFYF,MNHNS_SASEGT_CASNQWATYEQYF
V350110758_L02_515,VVVGAGDVGK,HLA-A*11:01,NSMFDY_ISSIKDK_CAAAYYTGANSKLTF,SGHAT_FQNNGV_CASSSPPGVGNEQFF
V350110758_L02_522,VVVGAGDVGK,HLA-A*11:01,NSMFDY_ISSIKDK_CAASGTGTASKLTF,SGHNS_FNNNVP_CASETSNNEQFF
V350110758_L02_523,VVVGAGDVGK,HLA-A*11:01,SSNFYA_MTLNGDE_CAFYGSARQLTF,PRHDT_FYEKMQ_CASSPPTTAANYGYTF
V350110758_L02_531,VVVGAGDVGK,HLA-A*11:01,DSAIYN_IQSSQRE_CAVRGNNNARLMF,GTSNPN_SVGIG_CAWSPGRSPLHF
V350110758_L02_532,VVVGAGDVGK,HLA-A*11:01,NSMFDY_ISSIKDK_CAASAGTYKYIF,SGHTS_YDEGEE_CASSLVSSYEQYF
